ISO-10303-21;
HEADER;
FILE_DESCRIPTION (( 'STEP AP214' ),
    '1' );
FILE_NAME ('2N3904.STEP',
    '2025-01-08T09:56:19',
    ( '' ),
    ( '' ),
    'SwSTEP 2.0',
    'SolidWorks 2020',
    '' );
FILE_SCHEMA (( 'AUTOMOTIVE_DESIGN' ));
ENDSEC;

DATA;
#1 = EDGE_CURVE ( 'NONE', #157, #254, #70, .T. ) ;
#2 = ORIENTED_EDGE ( 'NONE', *, *, #296, .T. ) ;
#3 = LINE ( 'NONE', #1134, #903 ) ;
#4 = CARTESIAN_POINT ( 'NONE',  ( 1.469999999999999973, 2.731043756515080023, -0.1700000000000000122 ) ) ;
#5 = CARTESIAN_POINT ( 'NONE',  ( -2.291287847477920359, 3.486536447220000223, 0.1700000000000000122 ) ) ;
#6 = CARTESIAN_POINT ( 'NONE',  ( -2.136692929305290090, 7.931941529047369599, 1.270000000000000018 ) ) ;
#7 = CARTESIAN_POINT ( 'NONE',  ( -0.3802612836830897569, 5.132432898226184648, -2.300249369756263818 ) ) ;
#8 = ORIENTED_EDGE ( 'NONE', *, *, #737, .T. ) ;
#9 = LINE ( 'NONE', #123, #1012 ) ;
#10 = CARTESIAN_POINT ( 'NONE',  ( -4.336808689942014778E-16, 3.486536447220000223, -0.03000000000000050196 ) ) ;
#11 = EDGE_LOOP ( 'NONE', ( #256, #421, #901, #802 ) ) ;
#12 = CARTESIAN_POINT ( 'NONE',  ( -0.7500753907622454975, 5.688814733343143359, -2.204255485110536483 ) ) ;
#13 = CIRCLE ( 'NONE', #677, 1.174356076261040105 ) ;
#14 = VECTOR ( 'NONE', #1336, 1000.000000000000000 ) ;
#15 = SURFACE_SIDE_STYLE ('',( #1272 ) ) ;
#16 = EDGE_CURVE ( 'NONE', #272, #461, #384, .T. ) ;
#17 = PLANE ( 'NONE',  #1082 ) ;
#18 = AXIS2_PLACEMENT_3D ( 'NONE', #1410, #719, #1276 ) ;
#19 = ORIENTED_EDGE ( 'NONE', *, *, #946, .F. ) ;
#20 = LINE ( 'NONE', #365, #1471 ) ;
#21 = DIRECTION ( 'NONE',  ( 0.000000000000000000, -1.000000000000000000, 2.465190328815659976E-32 ) ) ;
#22 = EDGE_CURVE ( 'NONE', #1467, #167, #1420, .T. ) ;
#23 = FACE_OUTER_BOUND ( 'NONE', #467, .T. ) ;
#24 = ORIENTED_EDGE ( 'NONE', *, *, #645, .T. ) ;
#25 = ORIENTED_EDGE ( 'NONE', *, *, #782, .F. ) ;
#26 = CARTESIAN_POINT ( 'NONE',  ( 1.070000000000000062, 2.731043756515080023, 0.1700000000000000122 ) ) ;
#27 = ORIENTED_EDGE ( 'NONE', *, *, #262, .T. ) ;
#28 = DIRECTION ( 'NONE',  ( -1.000000000000000000, 5.551115123125779621E-17, 0.000000000000000000 ) ) ;
#29 = ORIENTED_EDGE ( 'NONE', *, *, #217, .T. ) ;
#30 = DIRECTION ( 'NONE',  ( 0.000000000000000000, 0.000000000000000000, -1.000000000000000000 ) ) ;
#31 = ORIENTED_EDGE ( 'NONE', *, *, #35, .T. ) ;
#32 = DIRECTION ( 'NONE',  ( -2.032879073410319828E-16, 2.465190328815659976E-32, 1.000000000000000000 ) ) ;
#33 = VERTEX_POINT ( 'NONE', #522 ) ;
#34 = DIRECTION ( 'NONE',  ( -1.000000000000000000, 1.054711873393899897E-15, 0.000000000000000000 ) ) ;
#35 = EDGE_CURVE ( 'NONE', #594, #1142, #153, .T. ) ;
#36 = EDGE_CURVE ( 'NONE', #238, #1209, #1178, .T. ) ;
#37 = VECTOR ( 'NONE', #1056, 1000.000000000000000 ) ;
#38 = ORIENTED_EDGE ( 'NONE', *, *, #1165, .T. ) ;
#39 = DIRECTION ( 'NONE',  ( 0.000000000000000000, 0.000000000000000000, -1.000000000000000000 ) ) ;
#40 = DIRECTION ( 'NONE',  ( 6.779273404243070203E-32, -7.886160692180259501E-17, -1.000000000000000000 ) ) ;
#41 = LINE ( 'NONE', #1429, #1460 ) ;
#42 = DIRECTION ( 'NONE',  ( 0.000000000000000000, -1.000000000000000000, 0.000000000000000000 ) ) ;
#43 = EDGE_LOOP ( 'NONE', ( #49, #422, #1340, #651 ) ) ;
#44 = CARTESIAN_POINT ( 'NONE',  ( 1.469999999999999973, 2.731043756515080023, -0.1700000000000000122 ) ) ;
#45 = EDGE_CURVE ( 'NONE', #1151, #101, #979, .T. ) ;
#46 = DIRECTION ( 'NONE',  ( 1.000000000000000000, 0.000000000000000000, 0.000000000000000000 ) ) ;
#47 = FACE_OUTER_BOUND ( 'NONE', #627, .T. ) ;
#48 = CARTESIAN_POINT ( 'NONE',  ( -1.922837858136640099, 1.143432810541642031, 0.1700000000000000122 ) ) ;
#49 = ORIENTED_EDGE ( 'NONE', *, *, #572, .F. ) ;
#50 = DIRECTION ( 'NONE',  ( -1.000000000000000000, 1.110223024625155924E-16, 0.000000000000000000 ) ) ;
#51 = ORIENTED_EDGE ( 'NONE', *, *, #36, .T. ) ;
#52 = VECTOR ( 'NONE', #443, 1000.000000000000114 ) ;
#53 = CARTESIAN_POINT ( 'NONE',  ( -2.739999999999999769, -9.013463552779999333, -0.1700000000000000122 ) ) ;
#54 = EDGE_CURVE ( 'NONE', #167, #952, #840, .T. ) ;
#55 = VECTOR ( 'NONE', #1328, 1000.000000000000000 ) ;
#56 = PLANE ( 'NONE',  #1043 ) ;
#57 = AXIS2_PLACEMENT_3D ( 'NONE', #769, #1229, #741 ) ;
#58 = LINE ( 'NONE', #1458, #502 ) ;
#59 = VECTOR ( 'NONE', #1427, 1000.000000000000000 ) ;
#60 = DIRECTION ( 'NONE',  ( -0.6439538892087841582, 0.7650643035542050718, 0.000000000000000000 ) ) ;
#61 = ORIENTED_EDGE ( 'NONE', *, *, #1127, .T. ) ;
#62 = CARTESIAN_POINT ( 'NONE',  ( -4.336808689942014778E-16, 8.086536447220000312, -0.03000000000000050196 ) ) ;
#63 = EDGE_CURVE ( 'NONE', #986, #1000, #1480, .T. ) ;
#64 = CARTESIAN_POINT ( 'NONE',  ( -2.644356076261039856, 2.731043756515080023, 0.1700000000000000122 ) ) ;
#65 = EDGE_LOOP ( 'NONE', ( #264, #401, #2, #647 ) ) ;
#66 = FACE_OUTER_BOUND ( 'NONE', #375, .T. ) ;
#67 = CARTESIAN_POINT ( 'NONE',  ( 1.469999999999999973, 2.731043756515080023, -0.1700000000000000122 ) ) ;
#68 = ORIENTED_EDGE ( 'NONE', *, *, #1321, .T. ) ;
#69 = ORIENTED_EDGE ( 'NONE', *, *, #1482, .F. ) ;
#70 = LINE ( 'NONE', #608, #934 ) ;
#71 = CARTESIAN_POINT ( 'NONE',  ( -2.739999999999999769, 6.505213034913029562E-16, -0.1700000000000000122 ) ) ;
#72 = LINE ( 'NONE', #48, #721 ) ;
#73 = EDGE_CURVE ( 'NONE', #1151, #650, #1312, .T. ) ;
#74 = ORIENTED_EDGE ( 'NONE', *, *, #633, .T. ) ;
#75 = DIRECTION ( 'NONE',  ( -8.881784197001250351E-16, 1.000000000000000000, -7.886160692180259501E-17 ) ) ;
#76 = VERTEX_POINT ( 'NONE', #849 ) ;
#77 = ORIENTED_EDGE ( 'NONE', *, *, #122, .F. ) ;
#78 = DIRECTION ( 'NONE',  ( 1.000000000000000000, -1.885568995626964287E-16, 0.000000000000000000 ) ) ;
#79 = DIRECTION ( 'NONE',  ( 0.000000000000000000, 0.000000000000000000, -1.000000000000000000 ) ) ;
#80 = CARTESIAN_POINT ( 'NONE',  ( -2.339999999999999858, 4.336808689942014778E-16, -0.1700000000000000122 ) ) ;
#81 = STYLED_ITEM ( 'NONE', ( #236 ), #265 ) ;
#82 = LINE ( 'NONE', #992, #1156 ) ;
#83 = ADVANCED_FACE ( 'NONE', ( #733 ), #1304, .F. ) ;
#84 = AXIS2_PLACEMENT_3D ( 'NONE', #149, #498, #135 ) ;
#85 = VERTEX_POINT ( 'NONE', #1078 ) ;
#86 = DIRECTION ( 'NONE',  ( 0.000000000000000000, 0.000000000000000000, 1.000000000000000000 ) ) ;
#87 = EDGE_LOOP ( 'NONE', ( #400, #860, #604, #942 ) ) ;
#88 = CARTESIAN_POINT ( 'NONE',  ( 0.2000000000000000111, 3.486536447220000223, -0.1700000000000000122 ) ) ;
#89 = VECTOR ( 'NONE', #1196, 1000.000000000000000 ) ;
#90 = DIRECTION ( 'NONE',  ( -0.9902680687415704730, 1.665334536937735550E-16, -0.1391731009600651048 ) ) ;
#91 = PRESENTATION_LAYER_ASSIGNMENT (  '', '', ( #1385 ) ) ;
#92 = CARTESIAN_POINT ( 'NONE',  ( 0.6546165596938680054, 6.165563610454975141, -2.235231919446973858 ) ) ;
#93 = CARTESIAN_POINT ( 'NONE',  ( -0.1971279771531997127, 6.516893003669261830, -2.323386555876030268 ) ) ;
#94 = CARTESIAN_POINT ( 'NONE',  ( -4.337054080777584133E-16, 5.036536447220000490, -2.330000000000000071 ) ) ;
#95 = VECTOR ( 'NONE', #381, 1000.000000000000000 ) ;
#96 = VERTEX_POINT ( 'NONE', #290 ) ;
#97 = EDGE_CURVE ( 'NONE', #271, #1142, #175, .T. ) ;
#98 = CARTESIAN_POINT ( 'NONE',  ( 2.644356076261039856, 2.731043756515080023, 0.1700000000000000122 ) ) ;
#99 = CARTESIAN_POINT ( 'NONE',  ( 0.4606200938594710581, 6.386644913039054572, -2.284549850359302692 ) ) ;
#100 = CYLINDRICAL_SURFACE ( 'NONE', #745, 1.775643923738960073 ) ;
#101 = VERTEX_POINT ( 'NONE', #53 ) ;
#102 = AXIS2_PLACEMENT_3D ( 'NONE', #806, #235, #1265 ) ;
#103 = DIRECTION ( 'NONE',  ( 1.000000000000000000, 0.000000000000000000, 0.000000000000000000 ) ) ;
#104 = LINE ( 'NONE', #1360, #1478 ) ;
#105 = CARTESIAN_POINT ( 'NONE',  ( 1.070000000000000062, 3.486536447220000223, -0.1700000000000000122 ) ) ;
#106 = EDGE_CURVE ( 'NONE', #325, #1444, #962, .T. ) ;
#107 = AXIS2_PLACEMENT_3D ( 'NONE', #258, #827, #911 ) ;
#108 = CARTESIAN_POINT ( 'NONE',  ( -3.361209421865040186E-16, 6.536536447219999602, -2.330000000000000071 ) ) ;
#109 = ORIENTED_EDGE ( 'NONE', *, *, #1392, .F. ) ;
#110 = ORIENTED_EDGE ( 'NONE', *, *, #693, .T. ) ;
#111 = CARTESIAN_POINT ( 'NONE',  ( -4.336808689942014778E-16, 5.786536447219999602, -2.180000000000000160 ) ) ;
#112 = AXIS2_PLACEMENT_3D ( 'NONE', #395, #615, #1217 ) ;
#113 = CARTESIAN_POINT ( 'NONE',  ( 2.288712152522080157, 3.486536447220000223, 0.1700000000000000122 ) ) ;
#114 = EDGE_CURVE ( 'NONE', #308, #1415, #41, .T. ) ;
#115 = CARTESIAN_POINT ( 'NONE',  ( 0.2000000000000000111, 3.486536447220000223, 0.1700000000000000122 ) ) ;
#116 = FACE_OUTER_BOUND ( 'NONE', #185, .T. ) ;
#117 =( NAMED_UNIT ( * ) SI_UNIT ( $, .STERADIAN. ) SOLID_ANGLE_UNIT ( ) );
#118 = SURFACE_STYLE_USAGE ( .BOTH. , #15 ) ;
#119 = FACE_OUTER_BOUND ( 'NONE', #1227, .T. ) ;
#120 = EDGE_LOOP ( 'NONE', ( #426, #496, #1436, #639 ) ) ;
#121 = DIRECTION ( 'NONE',  ( -5.551115123125780853E-17, -0.9902680687415702510, -0.1391731009600660485 ) ) ;
#122 = EDGE_CURVE ( 'NONE', #788, #685, #740, .T. ) ;
#123 = CARTESIAN_POINT ( 'NONE',  ( 1.745898162651740027, 1.974812593890810097, 0.1700000000000000122 ) ) ;
#124 = FACE_OUTER_BOUND ( 'NONE', #876, .T. ) ;
#125 = ORIENTED_EDGE ( 'NONE', *, *, #1329, .T. ) ;
#126 = ORIENTED_EDGE ( 'NONE', *, *, #63, .F. ) ;
#127 = DIRECTION ( 'NONE',  ( 0.000000000000000000, 0.000000000000000000, 1.000000000000000000 ) ) ;
#128 = VECTOR ( 'NONE', #270, 1000.000000000000000 ) ;
#129 = VECTOR ( 'NONE', #689, 1000.000000000000000 ) ;
#130 = ORIENTED_EDGE ( 'NONE', *, *, #1472, .F. ) ;
#131 = FILL_AREA_STYLE_COLOUR ( '', #652 ) ;
#132 =( NAMED_UNIT ( * ) PLANE_ANGLE_UNIT ( ) SI_UNIT ( $, .RADIAN. ) );
#133 = VECTOR ( 'NONE', #321, 1000.000000000000000 ) ;
#134 = ORIENTED_EDGE ( 'NONE', *, *, #737, .F. ) ;
#135 = DIRECTION ( 'NONE',  ( 0.000000000000000000, 0.000000000000000000, -1.000000000000000000 ) ) ;
#136 = VERTEX_POINT ( 'NONE', #945 ) ;
#137 = CARTESIAN_POINT ( 'NONE',  ( -4.336808689942014778E-16, 3.486536447220000223, 0.1700000000000000122 ) ) ;
#138 = VECTOR ( 'NONE', #859, 1000.000000000000000 ) ;
#139 = APPLICATION_CONTEXT ( 'automotive_design' ) ;
#140 =( LENGTH_UNIT ( ) NAMED_UNIT ( * ) SI_UNIT ( .MILLI., .METRE. ) );
#141 = PLANE ( 'NONE',  #155 ) ;
#142 = VERTEX_POINT ( 'NONE', #1413 ) ;
#143 = PLANE ( 'NONE',  #1303 ) ;
#144 = FACE_OUTER_BOUND ( 'NONE', #438, .T. ) ;
#145 = EDGE_LOOP ( 'NONE', ( #1167, #1403, #640, #51 ) ) ;
#146 = CARTESIAN_POINT ( 'NONE',  ( -4.336808689942014778E-16, 5.786536447219999602, -2.180000000000000160 ) ) ;
#147 = ORIENTED_EDGE ( 'NONE', *, *, #995, .T. ) ;
#148 = EDGE_CURVE ( 'NONE', #96, #271, #275, .T. ) ;
#149 = CARTESIAN_POINT ( 'NONE',  ( -0.2000000000000000111, 3.486536447220000223, -0.1700000000000000122 ) ) ;
#150 = UNCERTAINTY_MEASURE_WITH_UNIT (LENGTH_MEASURE( 1.000000000000000082E-05 ), #140, 'distance_accuracy_value', 'NONE');
#151 = VECTOR ( 'NONE', #1241, 1000.000000000000000 ) ;
#152 = DIRECTION ( 'NONE',  ( 0.6439538892087960376, 0.7650643035541950798, -3.614007241618326091E-16 ) ) ;
#153 = LINE ( 'NONE', #1066, #795 ) ;
#154 = CARTESIAN_POINT ( 'NONE',  ( 2.644356076261039856, 2.731043756515080023, 0.1700000000000000122 ) ) ;
#155 = AXIS2_PLACEMENT_3D ( 'NONE', #839, #1387, #1302 ) ;
#156 = COLOUR_RGB ( '',0.2509803921568627416, 0.2509803921568627416, 0.2509803921568627416 ) ;
#157 = VERTEX_POINT ( 'NONE', #554 ) ;
#158 = DIRECTION ( 'NONE',  ( -1.110223024625155924E-16, -1.000000000000000000, 0.000000000000000000 ) ) ;
#159 = EDGE_LOOP ( 'NONE', ( #1271, #773, #720, #810 ) ) ;
#160 = DIRECTION ( 'NONE',  ( 0.000000000000000000, 1.000000000000000000, 0.000000000000000000 ) ) ;
#161 = VECTOR ( 'NONE', #490, 1000.000000000000000 ) ;
#162 = UNCERTAINTY_MEASURE_WITH_UNIT (LENGTH_MEASURE( 1.000000000000000082E-05 ), #670, 'distance_accuracy_value', 'NONE');
#163 = CARTESIAN_POINT ( 'NONE',  ( -0.2000000000000000111, -9.013463552779999333, -0.1700000000000000122 ) ) ;
#164 = ADVANCED_FACE ( 'NONE', ( #1249 ), #641, .T. ) ;
#165 = EDGE_CURVE ( 'NONE', #76, #1162, #1013, .T. ) ;
#166 = LINE ( 'NONE', #748, #1426 ) ;
#167 = VERTEX_POINT ( 'NONE', #88 ) ;
#168 = DIRECTION ( 'NONE',  ( 0.000000000000000000, 0.000000000000000000, -1.000000000000000000 ) ) ;
#169 = DIRECTION ( 'NONE',  ( 0.000000000000000000, 1.000000000000000000, 0.000000000000000000 ) ) ;
#170 = CYLINDRICAL_SURFACE ( 'NONE', #1448, 1.574356076261040238 ) ;
#171 = EDGE_CURVE ( 'NONE', #1000, #1235, #760, .T. ) ;
#172 = CARTESIAN_POINT ( 'NONE',  ( 1.469999999999999973, 3.486536447220000223, 0.1700000000000000122 ) ) ;
#173 = ORIENTED_EDGE ( 'NONE', *, *, #658, .T. ) ;
#174 = AXIS2_PLACEMENT_3D ( 'NONE', #115, #643, #449 ) ;
#175 = LINE ( 'NONE', #1215, #95 ) ;
#176 = MECHANICAL_DESIGN_GEOMETRIC_PRESENTATION_REPRESENTATION (  '', ( #81 ), #1377 ) ;
#177 = DIRECTION ( 'NONE',  ( 1.000000000000000000, -1.110223024625155924E-16, 0.000000000000000000 ) ) ;
#178 = UNCERTAINTY_MEASURE_WITH_UNIT (LENGTH_MEASURE( 1.000000000000000082E-05 ), #783, 'distance_accuracy_value', 'NONE');
#179 = VECTOR ( 'NONE', #1262, 1000.000000000000000 ) ;
#180 = DIRECTION ( 'NONE',  ( -1.000000000000000000, 0.000000000000000000, 0.000000000000000000 ) ) ;
#181 = ORIENTED_EDGE ( 'NONE', *, *, #1454, .F. ) ;
#182 = VECTOR ( 'NONE', #751, 1000.000000000000000 ) ;
#183 = AXIS2_PLACEMENT_3D ( 'NONE', #281, #75, #757 ) ;
#184 = CARTESIAN_POINT ( 'NONE',  ( 0.5643560762610390080, -2.168404344971009854E-16, -0.1700000000000000122 ) ) ;
#185 = EDGE_LOOP ( 'NONE', ( #695, #429, #1095, #74 ) ) ;
#186 = ORIENTED_EDGE ( 'NONE', *, *, #709, .F. ) ;
#187 = DIRECTION ( 'NONE',  ( 2.877132486577959302E-17, -3.081487911019574970E-33, -1.000000000000000000 ) ) ;
#188 = CARTESIAN_POINT ( 'NONE',  ( -2.136692929305290090, 3.486536447220000223, 1.270000000000000018 ) ) ;
#189 = EDGE_CURVE ( 'NONE', #567, #76, #360, .T. ) ;
#190 = ADVANCED_FACE ( 'NONE', ( #885 ), #1349, .T. ) ;
#191 = LINE ( 'NONE', #316, #577 ) ;
#192 = CARTESIAN_POINT ( 'NONE',  ( 2.339999999999999858, 2.731043756515080023, -0.1700000000000000122 ) ) ;
#193 = ORIENTED_EDGE ( 'NONE', *, *, #335, .F. ) ;
#194 = EDGE_LOOP ( 'NONE', ( #1297, #672, #364, #1092 ) ) ;
#195 = DIRECTION ( 'NONE',  ( 1.885568995626964780E-16, 1.000000000000000000, 0.000000000000000000 ) ) ;
#196 = LINE ( 'NONE', #878, #1307 ) ;
#197 = EDGE_CURVE ( 'NONE', #1132, #766, #356, .T. ) ;
#198 = CARTESIAN_POINT ( 'NONE',  ( 1.070000000000000062, 2.731043756515080023, -0.1700000000000000122 ) ) ;
#199 = ORIENTED_EDGE ( 'NONE', *, *, #973, .F. ) ;
#200 = ORIENTED_EDGE ( 'NONE', *, *, #633, .F. ) ;
#201 = DIRECTION ( 'NONE',  ( -1.000000000000000000, 1.110223024625155924E-16, 5.421010862427520198E-16 ) ) ;
#202 = AXIS2_PLACEMENT_3D ( 'NONE', #1072, #1293, #368 ) ;
#203 = CYLINDRICAL_SURFACE ( 'NONE', #112, 2.175643923738959984 ) ;
#204 = FACE_OUTER_BOUND ( 'NONE', #977, .T. ) ;
#205 = VECTOR ( 'NONE', #1433, 1000.000000000000000 ) ;
#206 = DIRECTION ( 'NONE',  ( 0.000000000000000000, 0.000000000000000000, -1.000000000000000000 ) ) ;
#207 = VECTOR ( 'NONE', #1341, 1000.000000000000000 ) ;
#208 = EDGE_LOOP ( 'NONE', ( #435, #1107, #535, #1274 ) ) ;
#209 = EDGE_CURVE ( 'NONE', #1415, #167, #1455, .T. ) ;
#210 = CARTESIAN_POINT ( 'NONE',  ( 2.739999999999999769, -2.168404344971009854E-16, -0.1700000000000000122 ) ) ;
#211 = DIRECTION ( 'NONE',  ( 0.000000000000000000, -1.000000000000000000, 0.000000000000000000 ) ) ;
#212 = CARTESIAN_POINT ( 'NONE',  ( 1.922837858136644984, 1.143432810541646028, 0.1700000000000000122 ) ) ;
#213 = CARTESIAN_POINT ( 'NONE',  ( -3.361209421865040186E-16, 6.536536447219999602, -2.330000000000000071 ) ) ;
#214 = DIRECTION ( 'NONE',  ( 0.000000000000000000, 0.000000000000000000, 1.000000000000000000 ) ) ;
#215 = ORIENTED_EDGE ( 'NONE', *, *, #1250, .T. ) ;
#216 = DIRECTION ( 'NONE',  ( -1.245840553979811940E-16, 1.872422541205009897E-32, 1.000000000000000000 ) ) ;
#217 = EDGE_CURVE ( 'NONE', #889, #1174, #667, .T. ) ;
#218 = PLANE ( 'NONE',  #700 ) ;
#219 = CARTESIAN_POINT ( 'NONE',  ( -4.337054080777584133E-16, 5.036536447220000490, -2.330000000000000071 ) ) ;
#220 = LINE ( 'NONE', #786, #956 ) ;
#221 = ORIENTED_EDGE ( 'NONE', *, *, #386, .T. ) ;
#222 = ADVANCED_FACE ( 'NONE', ( #904 ), #305, .T. ) ;
#223 = VERTEX_POINT ( 'NONE', #1236 ) ;
#224 = DIRECTION ( 'NONE',  ( 0.000000000000000000, 0.000000000000000000, 1.000000000000000000 ) ) ;
#225 = CARTESIAN_POINT ( 'NONE',  ( -1.439872441230049871, 1.717231038207299942, -0.1700000000000000122 ) ) ;
#226 = DIRECTION ( 'NONE',  ( 0.000000000000000000, 0.000000000000000000, 1.000000000000000000 ) ) ;
#227 = VECTOR ( 'NONE', #1137, 1000.000000000000000 ) ;
#228 = CARTESIAN_POINT ( 'NONE',  ( -0.2000000000000000111, 3.486536447220000223, -0.1700000000000000122 ) ) ;
#229 = CARTESIAN_POINT ( 'NONE',  ( 1.469999999999999973, 2.731043756515080023, 0.1700000000000000122 ) ) ;
#230 = FACE_OUTER_BOUND ( 'NONE', #194, .T. ) ;
#231 = ORIENTED_EDGE ( 'NONE', *, *, #457, .F. ) ;
#232 = EDGE_CURVE ( 'NONE', #260, #1415, #871, .T. ) ;
#233 = CARTESIAN_POINT ( 'NONE',  ( -0.6537534919969835157, 5.407040190794085710, -2.235496532352631238 ) ) ;
#234 = ADVANCED_FACE ( 'NONE', ( #530 ), #338, .T. ) ;
#235 = DIRECTION ( 'NONE',  ( 0.000000000000000000, 0.000000000000000000, 1.000000000000000000 ) ) ;
#236 = PRESENTATION_STYLE_ASSIGNMENT (( #118 ) ) ;
#237 = FACE_OUTER_BOUND ( 'NONE', #1395, .T. ) ;
#238 = VERTEX_POINT ( 'NONE', #1462 ) ;
#239 = CARTESIAN_POINT ( 'NONE',  ( 1.070000000000000062, 3.486536447220000223, -0.1700000000000000122 ) ) ;
#240 = MANIFOLD_SOLID_BREP ( 'NONE', #1254 ) ;
#241 = DIRECTION ( 'NONE',  ( 0.000000000000000000, 0.000000000000000000, 1.000000000000000000 ) ) ;
#242 = DIRECTION ( 'NONE',  ( 0.000000000000000000, 0.000000000000000000, -1.000000000000000000 ) ) ;
#243 = ORIENTED_EDGE ( 'NONE', *, *, #679, .T. ) ;
#244 = ORIENTED_EDGE ( 'NONE', *, *, #1270, .F. ) ;
#245 = LINE ( 'NONE', #944, #555 ) ;
#246 = LINE ( 'NONE', #698, #247 ) ;
#247 = VECTOR ( 'NONE', #369, 1000.000000000000000 ) ;
#248 = VECTOR ( 'NONE', #1139, 1000.000000000000000 ) ;
#249 = ORIENTED_EDGE ( 'NONE', *, *, #1185, .F. ) ;
#250 = EDGE_CURVE ( 'NONE', #1332, #925, #1207, .T. ) ;
#251 = DIRECTION ( 'NONE',  ( 0.000000000000000000, 0.000000000000000000, 1.000000000000000000 ) ) ;
#252 = CARTESIAN_POINT ( 'NONE',  ( -4.336808689942014778E-16, 8.086536447220000312, 0.1700000000000000122 ) ) ;
#253 = AXIS2_PLACEMENT_3D ( 'NONE', #935, #1038, #1296 ) ;
#254 = VERTEX_POINT ( 'NONE', #1148 ) ;
#255 = PLANE ( 'NONE',  #1450 ) ;
#256 = ORIENTED_EDGE ( 'NONE', *, *, #1299, .T. ) ;
#257 = AXIS2_PLACEMENT_3D ( 'NONE', #62, #1071, #46 ) ;
#258 = CARTESIAN_POINT ( 'NONE',  ( 0.5643560762610390080, -2.168404344971009854E-16, 0.1700000000000000122 ) ) ;
#259 =( GEOMETRIC_REPRESENTATION_CONTEXT ( 3 ) GLOBAL_UNCERTAINTY_ASSIGNED_CONTEXT ( ( #387 ) ) GLOBAL_UNIT_ASSIGNED_CONTEXT ( ( #830, #132, #583 ) ) REPRESENTATION_CONTEXT ( 'NONE', 'WORKASPACE' ) );
#260 = VERTEX_POINT ( 'NONE', #163 ) ;
#261 = EDGE_CURVE ( 'NONE', #310, #1177, #9, .T. ) ;
#262 = EDGE_CURVE ( 'NONE', #470, #101, #815, .T. ) ;
#263 = FACE_OUTER_BOUND ( 'NONE', #520, .T. ) ;
#264 = ORIENTED_EDGE ( 'NONE', *, *, #580, .T. ) ;
#265 = MANIFOLD_SOLID_BREP ( 'NONE', #674 ) ;
#266 = CYLINDRICAL_SURFACE ( 'NONE', #415, 1.174356076261040105 ) ;
#267 = CARTESIAN_POINT ( 'NONE',  ( 2.291287847477920359, 3.486536447220000223, 0.1700000000000000122 ) ) ;
#268 = VERTEX_POINT ( 'NONE', #568 ) ;
#269 = EDGE_LOOP ( 'NONE', ( #861, #414, #19, #1294 ) ) ;
#270 = DIRECTION ( 'NONE',  ( -1.224646799147350002E-16, 1.848892746611745050E-32, 1.000000000000000000 ) ) ;
#271 = VERTEX_POINT ( 'NONE', #1379 ) ;
#272 = VERTEX_POINT ( 'NONE', #352 ) ;
#273 = AXIS2_PLACEMENT_3D ( 'NONE', #229, #1143, #21 ) ;
#274 = FACE_OUTER_BOUND ( 'NONE', #882, .T. ) ;
#275 = LINE ( 'NONE', #723, #1391 ) ;
#276 = CARTESIAN_POINT ( 'NONE',  ( 2.739999999999999769, -9.013463552779999333, -0.1700000000000000122 ) ) ;
#277 = ADVANCED_FACE ( 'NONE', ( #922 ), #1308, .T. ) ;
#278 = CARTESIAN_POINT ( 'NONE',  ( 1.745898162651735142, 1.974812593890815204, -0.1700000000000000122 ) ) ;
#279 = VECTOR ( 'NONE', #537, 1000.000000000000000 ) ;
#280 = AXIS2_PLACEMENT_3D ( 'NONE', #111, #1112, #784 ) ;
#281 = CARTESIAN_POINT ( 'NONE',  ( -1.270000000000000018, -9.013463552779999333, -0.03000000000000050196 ) ) ;
#282 = ORIENTED_EDGE ( 'NONE', *, *, #73, .F. ) ;
#283 = DIRECTION ( 'NONE',  ( 0.000000000000000000, 0.000000000000000000, -1.000000000000000000 ) ) ;
#284 = DIRECTION ( 'NONE',  ( 0.000000000000000000, 0.000000000000000000, 1.000000000000000000 ) ) ;
#285 = EDGE_CURVE ( 'NONE', #157, #271, #344, .T. ) ;
#286 = VECTOR ( 'NONE', #1298, 1000.000000000000000 ) ;
#287 = DIRECTION ( 'NONE',  ( 0.000000000000000000, 0.000000000000000000, 1.000000000000000000 ) ) ;
#288 = FACE_OUTER_BOUND ( 'NONE', #1339, .T. ) ;
#289 = ORIENTED_EDGE ( 'NONE', *, *, #899, .F. ) ;
#290 = CARTESIAN_POINT ( 'NONE',  ( -1.070000000000000062, 3.486536447220000223, 0.1700000000000000122 ) ) ;
#291 = PLANE ( 'NONE',  #57 ) ;
#292 = DIRECTION ( 'NONE',  ( 0.000000000000000000, 1.000000000000000000, 0.000000000000000000 ) ) ;
#293 = VECTOR ( 'NONE', #283, 1000.000000000000000 ) ;
#294 = CARTESIAN_POINT ( 'NONE',  ( -1.439872441230049871, 1.717231038207299942, 0.1700000000000000122 ) ) ;
#295 = ORIENTED_EDGE ( 'NONE', *, *, #285, .F. ) ;
#296 = EDGE_CURVE ( 'NONE', #514, #986, #1421, .T. ) ;
#297 = CARTESIAN_POINT ( 'NONE',  ( 0.5643560762610390080, -2.168404344971009854E-16, 0.1700000000000000122 ) ) ;
#298 = DIRECTION ( 'NONE',  ( -0.1391731009600651048, 0.000000000000000000, 0.9902680687415704730 ) ) ;
#299 = CARTESIAN_POINT ( 'NONE',  ( -2.339999999999999858, -9.013463552779999333, -0.1700000000000000122 ) ) ;
#300 = AXIS2_PLACEMENT_3D ( 'NONE', #297, #168, #614 ) ;
#301 = AXIS2_PLACEMENT_3D ( 'NONE', #1394, #30, #823 ) ;
#302 = DIRECTION ( 'NONE',  ( 0.000000000000000000, 0.000000000000000000, -1.000000000000000000 ) ) ;
#303 = ORIENTED_EDGE ( 'NONE', *, *, #813, .T. ) ;
#304 = ORIENTED_EDGE ( 'NONE', *, *, #619, .T. ) ;
#305 = PLANE ( 'NONE',  #923 ) ;
#306 = CARTESIAN_POINT ( 'NONE',  ( -2.299999999999999822, 3.486536447220000223, -0.03000000000000080033 ) ) ;
#307 = CARTESIAN_POINT ( 'NONE',  ( -2.644356076261039856, 2.731043756515080023, 0.1700000000000000122 ) ) ;
#308 = VERTEX_POINT ( 'NONE', #573 ) ;
#309 = LINE ( 'NONE', #847, #378 ) ;
#310 = VERTEX_POINT ( 'NONE', #278 ) ;
#311 = ORIENTED_EDGE ( 'NONE', *, *, #1140, .F. ) ;
#312 = ORIENTED_EDGE ( 'NONE', *, *, #379, .F. ) ;
#313 =( LENGTH_UNIT ( ) NAMED_UNIT ( * ) SI_UNIT ( .MILLI., .METRE. ) );
#314 = CARTESIAN_POINT ( 'NONE',  ( 2.134117234349449888, 7.931941529047369599, 1.270000000000000018 ) ) ;
#315 = EDGE_CURVE ( 'NONE', #880, #96, #588, .T. ) ;
#316 = CARTESIAN_POINT ( 'NONE',  ( -2.739999999999999769, 2.731043756515080023, -0.1700000000000000122 ) ) ;
#317 = VERTEX_POINT ( 'NONE', #1386 ) ;
#318 = ORIENTED_EDGE ( 'NONE', *, *, #645, .F. ) ;
#319 = CARTESIAN_POINT ( 'NONE',  ( -2.228863579558320041, 1.401014366225159957, -0.1700000000000000122 ) ) ;
#320 = VECTOR ( 'NONE', #1130, 1000.000000000000000 ) ;
#321 = DIRECTION ( 'NONE',  ( 0.000000000000000000, 0.000000000000000000, -1.000000000000000000 ) ) ;
#322 = PLANE ( 'NONE',  #439 ) ;
#323 = AXIS2_PLACEMENT_3D ( 'NONE', #873, #180, #1200 ) ;
#324 = DIRECTION ( 'NONE',  ( 0.000000000000000000, 1.000000000000000000, 0.000000000000000000 ) ) ;
#325 = VERTEX_POINT ( 'NONE', #1053 ) ;
#326 = ADVANCED_FACE ( 'NONE', ( #1155 ), #1193, .F. ) ;
#327 = AXIS2_PLACEMENT_3D ( 'NONE', #64, #734, #524 ) ;
#328 = EDGE_LOOP ( 'NONE', ( #605, #591, #1100, #231 ) ) ;
#329 = CARTESIAN_POINT ( 'NONE',  ( -2.291287847477920359, 3.486536447220000223, 0.1700000000000000122 ) ) ;
#330 = SURFACE_STYLE_USAGE ( .BOTH. , #790 ) ;
#331 = AXIS2_PLACEMENT_3D ( 'NONE', #1001, #216, #660 ) ;
#332 = DIRECTION ( 'NONE',  ( 1.000000000000000000, -1.885568995626964287E-16, 0.000000000000000000 ) ) ;
#333 = PRESENTATION_STYLE_ASSIGNMENT (( #1225 ) ) ;
#334 = PLANE ( 'NONE',  #894 ) ;
#335 = EDGE_CURVE ( 'NONE', #1405, #268, #1025, .T. ) ;
#336 = ORIENTED_EDGE ( 'NONE', *, *, #908, .T. ) ;
#337 = FILL_AREA_STYLE ('',( #428 ) ) ;
#338 = CYLINDRICAL_SURFACE ( 'NONE', #991, 2.299999999999999822 ) ;
#339 = LINE ( 'NONE', #1031, #898 ) ;
#340 = SURFACE_SIDE_STYLE ('',( #887 ) ) ;
#341 = CARTESIAN_POINT ( 'NONE',  ( -1.469999999999999973, 2.731043756515080023, -0.1700000000000000122 ) ) ;
#342 = ORIENTED_EDGE ( 'NONE', *, *, #97, .F. ) ;
#343 =( NAMED_UNIT ( * ) PLANE_ANGLE_UNIT ( ) SI_UNIT ( $, .RADIAN. ) );
#344 = LINE ( 'NONE', #366, #1106 ) ;
#345 = ADVANCED_FACE ( 'NONE', ( #798 ), #1260, .F. ) ;
#346 = CARTESIAN_POINT ( 'NONE',  ( -1.745898162651735142, 1.974812593890815204, -0.1700000000000000122 ) ) ;
#347 = CARTESIAN_POINT ( 'NONE',  ( 0.6007212287884647894, 5.326536554169856608, -2.251350062271333830 ) ) ;
#348 = ADVANCED_FACE ( 'NONE', ( #459 ), #635, .F. ) ;
#349 =( GEOMETRIC_REPRESENTATION_CONTEXT ( 3 ) GLOBAL_UNCERTAINTY_ASSIGNED_CONTEXT ( ( #727 ) ) GLOBAL_UNIT_ASSIGNED_CONTEXT ( ( #313, #548, #1358 ) ) REPRESENTATION_CONTEXT ( 'NONE', 'WORKASPACE' ) );
#350 = CARTESIAN_POINT ( 'NONE',  ( -0.5643560762610420056, 2.168404344971009854E-16, 0.1700000000000000122 ) ) ;
#351 = VECTOR ( 'NONE', #169, 1000.000000000000000 ) ;
#352 = CARTESIAN_POINT ( 'NONE',  ( 2.339999999999999858, 0.000000000000000000, 0.1700000000000000122 ) ) ;
#353 = EDGE_CURVE ( 'NONE', #1044, #750, #844, .T. ) ;
#354 = DIRECTION ( 'NONE',  ( 1.885568995626964780E-16, 1.000000000000000000, 0.000000000000000000 ) ) ;
#355 = EDGE_LOOP ( 'NONE', ( #1077, #1453, #758, #1418 ) ) ;
#356 = CIRCLE ( 'NONE', #280, 0.7499999999999997780 ) ;
#357 = CARTESIAN_POINT ( 'NONE',  ( 2.288712152522080157, 7.931941529047369599, 1.270000000000000018 ) ) ;
#358 = ORIENTED_EDGE ( 'NONE', *, *, #1343, .T. ) ;
#359 =( NAMED_UNIT ( * ) PLANE_ANGLE_UNIT ( ) SI_UNIT ( $, .RADIAN. ) );
#360 = CIRCLE ( 'NONE', #544, 2.299999999999999822 ) ;
#361 = FILL_AREA_STYLE_COLOUR ( '', #965 ) ;
#362 = ORIENTED_EDGE ( 'NONE', *, *, #189, .F. ) ;
#363 = CARTESIAN_POINT ( 'NONE',  ( 2.644356076261039856, 2.731043756515080023, -0.1700000000000000122 ) ) ;
#364 = ORIENTED_EDGE ( 'NONE', *, *, #1140, .T. ) ;
#365 = CARTESIAN_POINT ( 'NONE',  ( 1.270000000000000018, -9.013463552779999333, 0.1700000000000000122 ) ) ;
#366 = CARTESIAN_POINT ( 'NONE',  ( -1.469999999999999973, 3.486536447220000223, -0.03000000000000050196 ) ) ;
#367 = ORIENTED_EDGE ( 'NONE', *, *, #404, .T. ) ;
#368 = DIRECTION ( 'NONE',  ( 1.000000000000000000, -1.110223024625155801E-16, 1.221193233610157680E-16 ) ) ;
#369 = DIRECTION ( 'NONE',  ( 0.000000000000000000, -1.000000000000000000, 0.000000000000000000 ) ) ;
#370 = EDGE_CURVE ( 'NONE', #392, #1132, #1105, .T. ) ;
#371 = AXIS2_PLACEMENT_3D ( 'NONE', #793, #226, #1104 ) ;
#372 = ADVANCED_FACE ( 'NONE', ( #958 ), #170, .T. ) ;
#373 = VECTOR ( 'NONE', #728, 1000.000000000000000 ) ;
#374 = FACE_OUTER_BOUND ( 'NONE', #1275, .T. ) ;
#375 = EDGE_LOOP ( 'NONE', ( #661, #611, #77, #584 ) ) ;
#376 = DIRECTION ( 'NONE',  ( 0.000000000000000000, -1.000000000000000000, 0.000000000000000000 ) ) ;
#377 = ORIENTED_EDGE ( 'NONE', *, *, #315, .T. ) ;
#378 = VECTOR ( 'NONE', #60, 1000.000000000000227 ) ;
#379 = EDGE_CURVE ( 'NONE', #930, #310, #744, .T. ) ;
#380 = DIRECTION ( 'NONE',  ( 0.000000000000000000, 0.000000000000000000, 1.000000000000000000 ) ) ;
#381 = DIRECTION ( 'NONE',  ( 0.000000000000000000, -1.000000000000000000, 0.000000000000000000 ) ) ;
#382 = DIRECTION ( 'NONE',  ( 0.000000000000000000, 0.000000000000000000, 1.000000000000000000 ) ) ;
#383 = CARTESIAN_POINT ( 'NONE',  ( 1.745898162651735142, 1.974812593890815204, 0.1700000000000000122 ) ) ;
#384 = LINE ( 'NONE', #497, #743 ) ;
#385 = CARTESIAN_POINT ( 'NONE',  ( -1.070000000000000062, 2.731043756515080023, -0.1700000000000000122 ) ) ;
#386 = EDGE_CURVE ( 'NONE', #638, #1169, #771, .T. ) ;
#387 = UNCERTAINTY_MEASURE_WITH_UNIT (LENGTH_MEASURE( 1.000000000000000082E-05 ), #830, 'distance_accuracy_value', 'NONE');
#388 = DIRECTION ( 'NONE',  ( 1.000000000000000000, 0.000000000000000000, 0.000000000000000000 ) ) ;
#389 = CIRCLE ( 'NONE', #18, 1.174356076261040105 ) ;
#390 = AXIS2_PLACEMENT_3D ( 'NONE', #1314, #1441, #500 ) ;
#391 = DIRECTION ( 'NONE',  ( 0.000000000000000000, 1.000000000000000000, 0.000000000000000000 ) ) ;
#392 = VERTEX_POINT ( 'NONE', #763 ) ;
#393 = VERTEX_POINT ( 'NONE', #644 ) ;
#394 = EDGE_CURVE ( 'NONE', #613, #1176, #735, .T. ) ;
#395 = CARTESIAN_POINT ( 'NONE',  ( 0.5643560762610390080, -2.168404344971009854E-16, 0.1700000000000000122 ) ) ;
#396 = AXIS2_PLACEMENT_3D ( 'NONE', #1334, #402, #1457 ) ;
#397 = CARTESIAN_POINT ( 'NONE',  ( 2.228863579558320041, 1.401014366225159957, -0.1700000000000000122 ) ) ;
#398 = VECTOR ( 'NONE', #1451, 1000.000000000000000 ) ;
#399 = LINE ( 'NONE', #1417, #851 ) ;
#400 = ORIENTED_EDGE ( 'NONE', *, *, #852, .T. ) ;
#401 = ORIENTED_EDGE ( 'NONE', *, *, #1003, .T. ) ;
#402 = DIRECTION ( 'NONE',  ( 0.000000000000000000, 0.000000000000000000, -1.000000000000000000 ) ) ;
#403 = PLANE ( 'NONE',  #599 ) ;
#404 = EDGE_CURVE ( 'NONE', #504, #750, #72, .T. ) ;
#405 = ORIENTED_EDGE ( 'NONE', *, *, #379, .T. ) ;
#406 = LINE ( 'NONE', #606, #138 ) ;
#407 = EDGE_LOOP ( 'NONE', ( #147, #1347, #862, #1198 ) ) ;
#408 = ORIENTED_EDGE ( 'NONE', *, *, #843, .F. ) ;
#409 = LINE ( 'NONE', #188, #207 ) ;
#410 = VERTEX_POINT ( 'NONE', #198 ) ;
#411 = DIRECTION ( 'NONE',  ( 1.221193233610155954E-16, -1.845058518635304924E-32, -1.000000000000000000 ) ) ;
#412 = PRODUCT_RELATED_PRODUCT_CATEGORY ( 'part', '', ( #626 ) ) ;
#413 = CARTESIAN_POINT ( 'NONE',  ( 1.922837858136644984, 1.143432810541646028, 0.1700000000000000122 ) ) ;
#414 = ORIENTED_EDGE ( 'NONE', *, *, #45, .F. ) ;
#415 = AXIS2_PLACEMENT_3D ( 'NONE', #1050, #382, #42 ) ;
#416 = DIRECTION ( 'NONE',  ( 1.000000000000000000, 0.000000000000000000, 0.000000000000000000 ) ) ;
#417 = DIRECTION ( 'NONE',  ( 0.000000000000000000, -1.000000000000000000, 0.000000000000000000 ) ) ;
#418 = PLANE ( 'NONE',  #323 ) ;
#419 = VERTEX_POINT ( 'NONE', #616 ) ;
#420 = CARTESIAN_POINT ( 'NONE',  ( 1.439872441230054090, 1.717231038207305049, 0.1700000000000000122 ) ) ;
#421 = ORIENTED_EDGE ( 'NONE', *, *, #16, .F. ) ;
#422 = ORIENTED_EDGE ( 'NONE', *, *, #789, .F. ) ;
#423 = CARTESIAN_POINT ( 'NONE',  ( 1.469999999999999973, 3.486536447220000223, 0.1700000000000000122 ) ) ;
#424 = LINE ( 'NONE', #506, #846 ) ;
#425 = CARTESIAN_POINT ( 'NONE',  ( 0.1964982524633561711, 5.055996388646435413, -2.323444140371409006 ) ) ;
#426 = ORIENTED_EDGE ( 'NONE', *, *, #1301, .T. ) ;
#427 = DIRECTION ( 'NONE',  ( 2.877132486577959302E-17, -3.081487911019574970E-33, -1.000000000000000000 ) ) ;
#428 = FILL_AREA_STYLE_COLOUR ( '', #1384 ) ;
#429 = ORIENTED_EDGE ( 'NONE', *, *, #1456, .F. ) ;
#430 = PRESENTATION_STYLE_ASSIGNMENT (( #330 ) ) ;
#431 = CYLINDRICAL_SURFACE ( 'NONE', #1186, 1.574356076261040016 ) ;
#432 = CARTESIAN_POINT ( 'NONE',  ( 0.3807461751206899225, 6.440385966094223313, -2.300173079382952679 ) ) ;
#433 = EDGE_CURVE ( 'NONE', #594, #157, #1345, .T. ) ;
#434 = FACE_OUTER_BOUND ( 'NONE', #1409, .T. ) ;
#435 = ORIENTED_EDGE ( 'NONE', *, *, #908, .F. ) ;
#436 = EDGE_LOOP ( 'NONE', ( #716, #835, #939, #703 ) ) ;
#437 = LINE ( 'NONE', #1367, #756 ) ;
#438 = EDGE_LOOP ( 'NONE', ( #518, #38, #1434, #529 ) ) ;
#439 = AXIS2_PLACEMENT_3D ( 'NONE', #441, #1352, #655 ) ;
#440 = LINE ( 'NONE', #225, #1113 ) ;
#441 = CARTESIAN_POINT ( 'NONE',  ( 1.070000000000000062, 2.731043756515080023, 0.1700000000000000122 ) ) ;
#442 = CIRCLE ( 'NONE', #1282, 2.299999999999999822 ) ;
#443 = DIRECTION ( 'NONE',  ( 0.1378445374916280608, 0.1378445374916280608, -0.9808148484639892528 ) ) ;
#444 = ORIENTED_EDGE ( 'NONE', *, *, #1108, .T. ) ;
#445 = VECTOR ( 'NONE', #177, 1000.000000000000000 ) ;
#446 = CARTESIAN_POINT ( 'NONE',  ( -0.2000000000000000111, -9.013463552779999333, 0.1700000000000000122 ) ) ;
#447 = DIRECTION ( 'NONE',  ( 0.000000000000000000, 1.000000000000000000, 0.000000000000000000 ) ) ;
#448 = DIRECTION ( 'NONE',  ( 0.000000000000000000, -1.000000000000000000, 0.000000000000000000 ) ) ;
#449 = DIRECTION ( 'NONE',  ( 0.000000000000000000, 1.000000000000000000, 0.000000000000000000 ) ) ;
#450 = DIRECTION ( 'NONE',  ( 1.885568995626964780E-16, 1.000000000000000000, 0.000000000000000000 ) ) ;
#451 = VERTEX_POINT ( 'NONE', #1081 ) ;
#452 = EDGE_CURVE ( 'NONE', #101, #1032, #191, .T. ) ;
#453 = CARTESIAN_POINT ( 'NONE',  ( 0.2000000000000000111, 3.486536447220000223, 0.1700000000000000122 ) ) ;
#454 = DIRECTION ( 'NONE',  ( 0.000000000000000000, 0.000000000000000000, 1.000000000000000000 ) ) ;
#455 = DIRECTION ( 'NONE',  ( 1.885568995626964780E-16, 1.000000000000000000, 0.000000000000000000 ) ) ;
#456 = CARTESIAN_POINT ( 'NONE',  ( -0.2000000000000000111, -9.013463552779999333, -0.1700000000000000122 ) ) ;
#457 = EDGE_CURVE ( 'NONE', #1235, #1162, #610, .T. ) ;
#458 = ORIENTED_EDGE ( 'NONE', *, *, #545, .F. ) ;
#459 = FACE_OUTER_BOUND ( 'NONE', #974, .T. ) ;
#460 = CARTESIAN_POINT ( 'NONE',  ( -2.644356076261039856, 2.731043756515080023, 0.1700000000000000122 ) ) ;
#461 = VERTEX_POINT ( 'NONE', #1449 ) ;
#462 = AXIS2_PLACEMENT_3D ( 'NONE', #987, #241, #928 ) ;
#463 = DIRECTION ( 'NONE',  ( 1.000000000000000000, -1.885568995626964287E-16, 0.000000000000000000 ) ) ;
#464 = ORIENTED_EDGE ( 'NONE', *, *, #1089, .T. ) ;
#465 = CARTESIAN_POINT ( 'NONE',  ( -1.070000000000000062, 2.731043756515080023, 0.1700000000000000122 ) ) ;
#466 = CARTESIAN_POINT ( 'NONE',  ( -1.922837858136650091, 1.143432810541650024, 0.1700000000000000122 ) ) ;
#467 = EDGE_LOOP ( 'NONE', ( #336, #1074, #1048, #869, #855, #444, #749, #961, #27, #513, #883, #29 ) ) ;
#468 = CIRCLE ( 'NONE', #301, 1.775643923738960073 ) ;
#469 = EDGE_CURVE ( 'NONE', #764, #824, #865, .T. ) ;
#470 = VERTEX_POINT ( 'NONE', #299 ) ;
#471 = CARTESIAN_POINT ( 'NONE',  ( 2.339999999999999858, 0.000000000000000000, 0.1700000000000000122 ) ) ;
#472 = CARTESIAN_POINT ( 'NONE',  ( -1.070000000000000062, 2.731043756515080023, -0.1700000000000000122 ) ) ;
#473 = ORIENTED_EDGE ( 'NONE', *, *, #829, .F. ) ;
#474 = CARTESIAN_POINT ( 'NONE',  ( 2.228863579558324926, 1.401014366225155960, -0.1700000000000000122 ) ) ;
#475 = ORIENTED_EDGE ( 'NONE', *, *, #335, .T. ) ;
#476 = ADVANCED_FACE ( 'NONE', ( #66 ), #403, .F. ) ;
#477 = FACE_OUTER_BOUND ( 'NONE', #11, .T. ) ;
#478 = ORIENTED_EDGE ( 'NONE', *, *, #843, .T. ) ;
#479 = ORIENTED_EDGE ( 'NONE', *, *, #250, .T. ) ;
#480 = FACE_OUTER_BOUND ( 'NONE', #1256, .T. ) ;
#481 = ADVANCED_FACE ( 'NONE', ( #981 ), #418, .T. ) ;
#482 = VECTOR ( 'NONE', #1230, 1000.000000000000000 ) ;
#483 = DIRECTION ( 'NONE',  ( 1.000000000000000000, 0.000000000000000000, 0.000000000000000000 ) ) ;
#484 = ORIENTED_EDGE ( 'NONE', *, *, #516, .T. ) ;
#485 = DIRECTION ( 'NONE',  ( 1.000000000000000000, 0.000000000000000000, 2.032879073410319828E-16 ) ) ;
#486 =( GEOMETRIC_REPRESENTATION_CONTEXT ( 3 ) GLOBAL_UNCERTAINTY_ASSIGNED_CONTEXT ( ( #1184 ) ) GLOBAL_UNIT_ASSIGNED_CONTEXT ( ( #772, #1459, #1346 ) ) REPRESENTATION_CONTEXT ( 'NONE', 'WORKASPACE' ) );
#487 = EDGE_CURVE ( 'NONE', #650, #1044, #82, .T. ) ;
#488 = PLANE ( 'NONE',  #1290 ) ;
#489 = EDGE_CURVE ( 'NONE', #1044, #742, #58, .T. ) ;
#490 = DIRECTION ( 'NONE',  ( -0.6439538892087798283, -0.7650643035542087356, 3.252606517456549294E-16 ) ) ;
#491 = CARTESIAN_POINT ( 'NONE',  ( 2.739999999999999769, -2.168404344971009854E-16, -0.1700000000000000122 ) ) ;
#492 = ORIENTED_EDGE ( 'NONE', *, *, #1482, .T. ) ;
#493 = VERTEX_POINT ( 'NONE', #510 ) ;
#494 = PRODUCT_DEFINITION ( 'UNKNOWN', '', #713, #499 ) ;
#495 = FACE_OUTER_BOUND ( 'NONE', #1247, .T. ) ;
#496 = ORIENTED_EDGE ( 'NONE', *, *, #1432, .T. ) ;
#497 = CARTESIAN_POINT ( 'NONE',  ( 2.339999999999999858, 0.000000000000000000, 0.1700000000000000122 ) ) ;
#498 = DIRECTION ( 'NONE',  ( 0.000000000000000000, -1.000000000000000000, 0.000000000000000000 ) ) ;
#499 = PRODUCT_DEFINITION_CONTEXT ( 'detailed design', #139, 'design' ) ;
#500 = DIRECTION ( 'NONE',  ( 0.000000000000000000, 0.000000000000000000, -1.000000000000000000 ) ) ;
#501 = CIRCLE ( 'NONE', #891, 1.574356076261040016 ) ;
#502 = VECTOR ( 'NONE', #427, 1000.000000000000000 ) ;
#503 = DIRECTION ( 'NONE',  ( 0.000000000000000000, -1.000000000000000000, 0.000000000000000000 ) ) ;
#504 = VERTEX_POINT ( 'NONE', #966 ) ;
#505 = CARTESIAN_POINT ( 'NONE',  ( -2.739999999999999769, -9.013463552779999333, -0.1700000000000000122 ) ) ;
#506 = CARTESIAN_POINT ( 'NONE',  ( -2.739999999999999769, 6.505213034913029562E-16, 0.1700000000000000122 ) ) ;
#507 = AXIS2_PLACEMENT_3D ( 'NONE', #1224, #1129, #1469 ) ;
#508 = ADVANCED_FACE ( 'NONE', ( #1131 ), #334, .T. ) ;
#509 = VECTOR ( 'NONE', #187, 1000.000000000000000 ) ;
#510 = CARTESIAN_POINT ( 'NONE',  ( 2.299999999999999822, 3.486536447220000223, -0.03000000000000050196 ) ) ;
#511 = AXIS2_PLACEMENT_3D ( 'NONE', #967, #984, #1338 ) ;
#512 = LINE ( 'NONE', #738, #780 ) ;
#513 = ORIENTED_EDGE ( 'NONE', *, *, #452, .T. ) ;
#514 = VERTEX_POINT ( 'NONE', #918 ) ;
#515 = LINE ( 'NONE', #1199, #351 ) ;
#516 = EDGE_CURVE ( 'NONE', #392, #1452, #1094, .T. ) ;
#517 = DIRECTION ( 'NONE',  ( 0.000000000000000000, 0.000000000000000000, -1.000000000000000000 ) ) ;
#518 = ORIENTED_EDGE ( 'NONE', *, *, #469, .F. ) ;
#519 = FACE_OUTER_BOUND ( 'NONE', #1008, .T. ) ;
#520 = EDGE_LOOP ( 'NONE', ( #916, #1111 ) ) ;
#521 = ORIENTED_EDGE ( 'NONE', *, *, #1049, .T. ) ;
#522 = CARTESIAN_POINT ( 'NONE',  ( -2.291287847477920359, 8.086536447220000312, 0.1700000000000035094 ) ) ;
#523 = PRESENTATION_LAYER_ASSIGNMENT (  '', '', ( #725 ) ) ;
#524 = DIRECTION ( 'NONE',  ( -5.233845529061615691E-15, 1.000000000000000000, 0.000000000000000000 ) ) ;
#525 = CARTESIAN_POINT ( 'NONE',  ( 2.339999999999999858, -9.013463552780009991, -0.03000000000000050196 ) ) ;
#526 = ORIENTED_EDGE ( 'NONE', *, *, #1315, .T. ) ;
#527 = LINE ( 'NONE', #420, #585 ) ;
#528 = ORIENTED_EDGE ( 'NONE', *, *, #261, .T. ) ;
#529 = ORIENTED_EDGE ( 'NONE', *, *, #1279, .T. ) ;
#530 = FACE_OUTER_BOUND ( 'NONE', #120, .T. ) ;
#531 = CARTESIAN_POINT ( 'NONE',  ( 2.291287847477920359, 8.086536447220000312, 0.1700000000000000122 ) ) ;
#532 = CARTESIAN_POINT ( 'NONE',  ( 0.09978821863241113532, 6.536536447219999602, -2.330000000000000515 ) ) ;
#533 = CIRCLE ( 'NONE', #919, 1.174356076261040105 ) ;
#534 = DIRECTION ( 'NONE',  ( 1.000000000000000000, -1.110223024625155924E-16, 0.000000000000000000 ) ) ;
#535 = ORIENTED_EDGE ( 'NONE', *, *, #1089, .F. ) ;
#536 = VECTOR ( 'NONE', #994, 1000.000000000000000 ) ;
#537 = DIRECTION ( 'NONE',  ( 0.000000000000000000, 1.000000000000000000, 0.000000000000000000 ) ) ;
#538 = EDGE_LOOP ( 'NONE', ( #1002, #1093, #1098, #630 ) ) ;
#539 = CARTESIAN_POINT ( 'NONE',  ( 0.2000000000000000111, 3.486536447220000223, -0.1700000000000000122 ) ) ;
#540 = EDGE_CURVE ( 'NONE', #952, #1311, #557, .T. ) ;
#541 = LINE ( 'NONE', #1463, #133 ) ;
#542 = CARTESIAN_POINT ( 'NONE',  ( 0.3794123583474096062, 5.132039694602004154, -2.300362052748054609 ) ) ;
#543 = CARTESIAN_POINT ( 'NONE',  ( 2.739999999999999769, -9.013463552779999333, 0.1700000000000000122 ) ) ;
#544 = AXIS2_PLACEMENT_3D ( 'NONE', #768, #676, #653 ) ;
#545 = EDGE_CURVE ( 'NONE', #410, #638, #686, .T. ) ;
#546 = CYLINDRICAL_SURFACE ( 'NONE', #331, 2.175643923738959984 ) ;
#547 = VERTEX_POINT ( 'NONE', #543 ) ;
#548 =( NAMED_UNIT ( * ) PLANE_ANGLE_UNIT ( ) SI_UNIT ( $, .RADIAN. ) );
#549 = DIRECTION ( 'NONE',  ( -0.6439538892087960376, -0.7650643035541950798, 7.228014483236650210E-17 ) ) ;
#550 = CARTESIAN_POINT ( 'NONE',  ( 1.070000000000000062, 2.731043756515080023, 0.1700000000000000122 ) ) ;
#551 = CARTESIAN_POINT ( 'NONE',  ( -2.136692929305290090, 3.641131365392630048, 1.270000000000000018 ) ) ;
#552 = ORIENTED_EDGE ( 'NONE', *, *, #870, .T. ) ;
#553 = CARTESIAN_POINT ( 'NONE',  ( -2.136692929305290090, 7.931941529047369599, 1.270000000000000018 ) ) ;
#554 = CARTESIAN_POINT ( 'NONE',  ( -1.469999999999999973, 3.486536447220000223, -0.1700000000000000122 ) ) ;
#555 = VECTOR ( 'NONE', #603, 1000.000000000000000 ) ;
#556 = DIRECTION ( 'NONE',  ( 5.551115123125780853E-17, 0.9902680687415704730, -0.1391731009600651048 ) ) ;
#557 = LINE ( 'NONE', #1146, #248 ) ;
#558 = ORIENTED_EDGE ( 'NONE', *, *, #1440, .F. ) ;
#559 = VECTOR ( 'NONE', #1114, 1000.000000000000000 ) ;
#560 = ORIENTED_EDGE ( 'NONE', *, *, #1305, .F. ) ;
#561 = DIRECTION ( 'NONE',  ( 0.000000000000000000, 0.000000000000000000, 1.000000000000000000 ) ) ;
#562 = VECTOR ( 'NONE', #702, 1000.000000000000000 ) ;
#563 = DIRECTION ( 'NONE',  ( 0.000000000000000000, 1.000000000000000000, 0.000000000000000000 ) ) ;
#564 = CARTESIAN_POINT ( 'NONE',  ( 2.339999999999999858, -9.013463552780009991, 0.1700000000000000122 ) ) ;
#565 = DIRECTION ( 'NONE',  ( 0.000000000000000000, 0.1391731009600660485, -0.9902680687415702510 ) ) ;
#566 = DIRECTION ( 'NONE',  ( -0.7650643035542051829, 0.6439538892087841582, 0.000000000000000000 ) ) ;
#567 = VERTEX_POINT ( 'NONE', #1019 ) ;
#568 = CARTESIAN_POINT ( 'NONE',  ( 1.469999999999999973, 2.731043756515080023, 0.1700000000000000122 ) ) ;
#569 = LINE ( 'NONE', #776, #1381 ) ;
#570 = ORIENTED_EDGE ( 'NONE', *, *, #296, .F. ) ;
#571 = CARTESIAN_POINT ( 'NONE',  ( -4.336808689942014778E-16, 3.486536447220000223, -0.03000000000000050196 ) ) ;
#572 = EDGE_CURVE ( 'NONE', #1428, #260, #1473, .T. ) ;
#573 = CARTESIAN_POINT ( 'NONE',  ( 0.2000000000000000111, -9.013463552779999333, 0.1700000000000000122 ) ) ;
#574 = PLANE ( 'NONE',  #253 ) ;
#575 = EDGE_LOOP ( 'NONE', ( #1348, #408, #243, #1285 ) ) ;
#576 = CIRCLE ( 'NONE', #799, 2.299999999999999822 ) ;
#577 = VECTOR ( 'NONE', #628, 1000.000000000000000 ) ;
#578 = CARTESIAN_POINT ( 'NONE',  ( -1.439872441230056088, 1.717231038207305049, 0.1700000000000000122 ) ) ;
#579 = CIRCLE ( 'NONE', #327, 1.574356076261040238 ) ;
#580 = EDGE_CURVE ( 'NONE', #493, #567, #442, .T. ) ;
#581 = CARTESIAN_POINT ( 'NONE',  ( 1.270000000000000018, -9.013463552779999333, -0.03000000000000050196 ) ) ;
#582 = ADVANCED_FACE ( 'NONE', ( #434 ), #779, .T. ) ;
#583 =( NAMED_UNIT ( * ) SI_UNIT ( $, .STERADIAN. ) SOLID_ANGLE_UNIT ( ) );
#584 = ORIENTED_EDGE ( 'NONE', *, *, #1216, .T. ) ;
#585 = VECTOR ( 'NONE', #951, 1000.000000000000000 ) ;
#586 = CARTESIAN_POINT ( 'NONE',  ( -1.070000000000000062, 2.731043756515080023, -0.1700000000000000122 ) ) ;
#587 = DIRECTION ( 'NONE',  ( 0.000000000000000000, -1.000000000000000000, 0.000000000000000000 ) ) ;
#588 = LINE ( 'NONE', #465, #129 ) ;
#589 = ADVANCED_FACE ( 'NONE', ( #794 ), #100, .F. ) ;
#590 = DIRECTION ( 'NONE',  ( 1.000000000000000000, -1.110223024625155924E-16, 0.000000000000000000 ) ) ;
#591 = ORIENTED_EDGE ( 'NONE', *, *, #1253, .T. ) ;
#592 = CARTESIAN_POINT ( 'NONE',  ( -0.2000000000000000111, 3.486536447220000223, 0.1700000000000000122 ) ) ;
#593 = DIRECTION ( 'NONE',  ( -1.000000000000000000, 0.000000000000000000, 0.000000000000000000 ) ) ;
#594 = VERTEX_POINT ( 'NONE', #341 ) ;
#595 = DIRECTION ( 'NONE',  ( 0.7650643035542051829, 0.6439538892087841582, 0.000000000000000000 ) ) ;
#596 = ORIENTED_EDGE ( 'NONE', *, *, #1154, .F. ) ;
#597 = CIRCLE ( 'NONE', #1036, 0.7499999999999997780 ) ;
#598 = ADVANCED_FACE ( 'NONE', ( #116 ), #1125, .F. ) ;
#599 = AXIS2_PLACEMENT_3D ( 'NONE', #755, #1073, #517 ) ;
#600 = CIRCLE ( 'NONE', #988, 2.175643923738959984 ) ;
#601 = DIRECTION ( 'NONE',  ( 1.110223024625155924E-16, 1.000000000000000000, 0.000000000000000000 ) ) ;
#602 = DIRECTION ( 'NONE',  ( 0.000000000000000000, 0.000000000000000000, 1.000000000000000000 ) ) ;
#603 = DIRECTION ( 'NONE',  ( -1.000000000000000000, 1.110223024625155924E-16, 0.000000000000000000 ) ) ;
#604 = ORIENTED_EDGE ( 'NONE', *, *, #623, .T. ) ;
#605 = ORIENTED_EDGE ( 'NONE', *, *, #171, .F. ) ;
#606 = CARTESIAN_POINT ( 'NONE',  ( -0.2000000000000000111, 3.486536447220000223, -0.1700000000000000122 ) ) ;
#607 = EDGE_LOOP ( 'NONE', ( #1197, #920, #130, #358 ) ) ;
#608 = CARTESIAN_POINT ( 'NONE',  ( -1.070000000000000062, 3.486536447220000223, -0.1700000000000000122 ) ) ;
#609 = DIRECTION ( 'NONE',  ( 0.000000000000000000, 0.000000000000000000, -1.000000000000000000 ) ) ;
#610 = LINE ( 'NONE', #853, #774 ) ;
#611 = ORIENTED_EDGE ( 'NONE', *, *, #623, .F. ) ;
#612 = DIRECTION ( 'NONE',  ( 0.000000000000000000, -1.000000000000000000, 0.000000000000000000 ) ) ;
#613 = VERTEX_POINT ( 'NONE', #551 ) ;
#614 = DIRECTION ( 'NONE',  ( 0.000000000000000000, 1.000000000000000000, 0.000000000000000000 ) ) ;
#615 = DIRECTION ( 'NONE',  ( 0.000000000000000000, 0.000000000000000000, -1.000000000000000000 ) ) ;
#616 = CARTESIAN_POINT ( 'NONE',  ( -1.439872441230062083, 1.717231038207289728, 0.1700000000000000122 ) ) ;
#617 = MECHANICAL_DESIGN_GEOMETRIC_PRESENTATION_REPRESENTATION (  '', ( #1419 ), #1133 ) ;
#618 = VECTOR ( 'NONE', #454, 1000.000000000000000 ) ;
#619 = EDGE_CURVE ( 'NONE', #238, #930, #220, .T. ) ;
#620 = DIRECTION ( 'NONE',  ( 0.1378445374916278388, 0.1378445374916282273, 0.9808148484639892528 ) ) ;
#621 = ORIENTED_EDGE ( 'NONE', *, *, #658, .F. ) ;
#622 = CARTESIAN_POINT ( 'NONE',  ( -1.745898162651740027, 1.974812593890810097, 0.1700000000000000122 ) ) ;
#623 = EDGE_CURVE ( 'NONE', #685, #889, #1264, .T. ) ;
#624 = CYLINDRICAL_SURFACE ( 'NONE', #753, 0.7499999999999997780 ) ;
#625 = CIRCLE ( 'NONE', #656, 1.174356076261040105 ) ;
#626 = PRODUCT ( '2N3904', '2N3904', '', ( #687 ) ) ;
#627 = EDGE_LOOP ( 'NONE', ( #1159, #688, #312, #25, #631, #1466, #826, #1292, #632, #621, #732, #1213 ) ) ;
#628 = DIRECTION ( 'NONE',  ( 0.000000000000000000, 1.000000000000000000, 0.000000000000000000 ) ) ;
#629 = DIRECTION ( 'NONE',  ( 1.000000000000000000, -1.885568995626964287E-16, 0.000000000000000000 ) ) ;
#630 = ORIENTED_EDGE ( 'NONE', *, *, #789, .T. ) ;
#631 = ORIENTED_EDGE ( 'NONE', *, *, #106, .F. ) ;
#632 = ORIENTED_EDGE ( 'NONE', *, *, #1407, .F. ) ;
#633 = EDGE_CURVE ( 'NONE', #971, #393, #1118, .T. ) ;
#634 = CARTESIAN_POINT ( 'NONE',  ( -0.5643560762610420056, 2.168404344971009854E-16, -0.1700000000000000122 ) ) ;
#635 = PLANE ( 'NONE',  #390 ) ;
#636 = ORIENTED_EDGE ( 'NONE', *, *, #404, .F. ) ;
#637 = DIRECTION ( 'NONE',  ( 0.000000000000000000, 0.000000000000000000, 1.000000000000000000 ) ) ;
#638 = VERTEX_POINT ( 'NONE', #239 ) ;
#639 = ORIENTED_EDGE ( 'NONE', *, *, #171, .T. ) ;
#640 = ORIENTED_EDGE ( 'NONE', *, *, #619, .F. ) ;
#641 = PLANE ( 'NONE',  #814 ) ;
#642 = CARTESIAN_POINT ( 'NONE',  ( -0.2000000000000000111, 3.486536447220000223, -0.1700000000000000122 ) ) ;
#643 = DIRECTION ( 'NONE',  ( 1.000000000000000000, 0.000000000000000000, 0.000000000000000000 ) ) ;
#644 = CARTESIAN_POINT ( 'NONE',  ( 2.288712152522080157, 8.086536447220000312, 0.1700000000000000122 ) ) ;
#645 = EDGE_CURVE ( 'NONE', #419, #1332, #1393, .T. ) ;
#646 = EDGE_CURVE ( 'NONE', #1467, #1311, #1059, .T. ) ;
#647 = ORIENTED_EDGE ( 'NONE', *, *, #1432, .F. ) ;
#648 = VECTOR ( 'NONE', #1396, 1000.000000000000000 ) ;
#649 = CARTESIAN_POINT ( 'NONE',  ( 1.469999999999999973, 2.731043756515080023, 0.1700000000000000122 ) ) ;
#650 = VERTEX_POINT ( 'NONE', #692 ) ;
#651 = ORIENTED_EDGE ( 'NONE', *, *, #1397, .T. ) ;
#652 = COLOUR_RGB ( '',0.7921568627450980005, 0.8196078431372548767, 0.9333333333333333481 ) ;
#653 = DIRECTION ( 'NONE',  ( 1.000000000000000000, -1.885568995626964287E-16, 0.000000000000000000 ) ) ;
#654 = CARTESIAN_POINT ( 'NONE',  ( -0.2000000000000000111, 3.486536447220000223, -0.1700000000000000122 ) ) ;
#655 = DIRECTION ( 'NONE',  ( 0.000000000000000000, 1.000000000000000000, 0.000000000000000000 ) ) ;
#656 = AXIS2_PLACEMENT_3D ( 'NONE', #154, #1390, #818 ) ;
#657 = CARTESIAN_POINT ( 'NONE',  ( -0.7302510386507451434, 5.591441150332885357, -2.211362419009557989 ) ) ;
#658 = EDGE_CURVE ( 'NONE', #410, #223, #501, .T. ) ;
#659 = VECTOR ( 'NONE', #503, 1000.000000000000000 ) ;
#660 = DIRECTION ( 'NONE',  ( 1.000000000000000000, -1.110223024625155801E-16, 1.245840553979813419E-16 ) ) ;
#661 = ORIENTED_EDGE ( 'NONE', *, *, #217, .F. ) ;
#662 = CARTESIAN_POINT ( 'NONE',  ( -4.336808689942014778E-16, 3.486536447220000223, 0.1700000000000000122 ) ) ;
#663 = LINE ( 'NONE', #105, #320 ) ;
#664 = CARTESIAN_POINT ( 'NONE',  ( 2.288712152522080157, 3.486536447220000223, 1.270000000000000018 ) ) ;
#665 = EDGE_LOOP ( 'NONE', ( #492, #193, #199, #868 ) ) ;
#666 = LINE ( 'NONE', #553, #1141 ) ;
#667 = LINE ( 'NONE', #319, #1189 ) ;
#668 = ADVANCED_FACE ( 'NONE', ( #144 ), #706, .T. ) ;
#669 = DIRECTION ( 'NONE',  ( 0.000000000000000000, -1.000000000000000000, 0.000000000000000000 ) ) ;
#670 =( LENGTH_UNIT ( ) NAMED_UNIT ( * ) SI_UNIT ( .MILLI., .METRE. ) );
#671 = CARTESIAN_POINT ( 'NONE',  ( -0.1959199355595077907, 5.055715737421237144, -2.323522666902898326 ) ) ;
#672 = ORIENTED_EDGE ( 'NONE', *, *, #165, .T. ) ;
#673 = EDGE_LOOP ( 'NONE', ( #1194, #936, #697, #893 ) ) ;
#674 = CLOSED_SHELL ( 'NONE', ( #954, #508, #762, #1366, #940, #222 ) ) ;
#675 = CARTESIAN_POINT ( 'NONE',  ( 2.299999999999999822, 3.486536447220000223, -0.03000000000000050196 ) ) ;
#676 = DIRECTION ( 'NONE',  ( 1.885568995626964780E-16, 1.000000000000000000, 0.000000000000000000 ) ) ;
#677 = AXIS2_PLACEMENT_3D ( 'NONE', #363, #609, #1168 ) ;
#678 = DIRECTION ( 'NONE',  ( -1.000000000000000000, 0.000000000000000000, -3.988640825584995989E-16 ) ) ;
#679 = EDGE_CURVE ( 'NONE', #547, #764, #20, .T. ) ;
#680 = DIRECTION ( 'NONE',  ( -1.000000000000000000, 0.000000000000000000, 0.000000000000000000 ) ) ;
#681 = DIRECTION ( 'NONE',  ( 0.000000000000000000, 0.000000000000000000, 1.000000000000000000 ) ) ;
#682 = ORIENTED_EDGE ( 'NONE', *, *, #487, .F. ) ;
#683 = CARTESIAN_POINT ( 'NONE',  ( -2.339999999999999858, 4.336808689942014778E-16, 0.1700000000000000122 ) ) ;
#684 = PLANE ( 'NONE',  #804 ) ;
#685 = VERTEX_POINT ( 'NONE', #1277 ) ;
#686 = LINE ( 'NONE', #999, #1080 ) ;
#687 = PRODUCT_CONTEXT ( 'NONE', #949, 'mechanical' ) ;
#688 = ORIENTED_EDGE ( 'NONE', *, *, #870, .F. ) ;
#689 = DIRECTION ( 'NONE',  ( 0.000000000000000000, 1.000000000000000000, 0.000000000000000000 ) ) ;
#690 = PLANE ( 'NONE',  #1424 ) ;
#691 = VERTEX_POINT ( 'NONE', #821 ) ;
#692 = CARTESIAN_POINT ( 'NONE',  ( -2.339999999999999858, -9.013463552779999333, 0.1700000000000000122 ) ) ;
#693 = EDGE_CURVE ( 'NONE', #96, #254, #932, .T. ) ;
#694 = PRESENTATION_STYLE_ASSIGNMENT (( #715 ) ) ;
#695 = ORIENTED_EDGE ( 'NONE', *, *, #963, .F. ) ;
#696 = CARTESIAN_POINT ( 'NONE',  ( -2.739999999999999769, 1.517883041479705024E-15, 0.1700000000000000122 ) ) ;
#697 = ORIENTED_EDGE ( 'NONE', *, *, #1472, .T. ) ;
#698 = CARTESIAN_POINT ( 'NONE',  ( -2.339999999999999858, 2.731043756515080023, -0.1700000000000000122 ) ) ;
#699 = EDGE_CURVE ( 'NONE', #742, #470, #246, .T. ) ;
#700 = AXIS2_PLACEMENT_3D ( 'NONE', #915, #669, #1014 ) ;
#701 = DIRECTION ( 'NONE',  ( 0.000000000000000000, -1.000000000000000000, 0.000000000000000000 ) ) ;
#702 = DIRECTION ( 'NONE',  ( -1.000000000000000000, 1.110223024625155924E-16, 0.000000000000000000 ) ) ;
#703 = ORIENTED_EDGE ( 'NONE', *, *, #1064, .F. ) ;
#704 = AXIS2_PLACEMENT_3D ( 'NONE', #146, #380, #483 ) ;
#705 = CARTESIAN_POINT ( 'NONE',  ( 1.745898162651740027, 1.974812593890810097, -0.1700000000000000122 ) ) ;
#706 = PLANE ( 'NONE',  #1231 ) ;
#707 = PLANE ( 'NONE',  #704 ) ;
#708 = EDGE_LOOP ( 'NONE', ( #682, #1326, #1373, #1187 ) ) ;
#709 = EDGE_CURVE ( 'NONE', #33, #514, #576, .T. ) ;
#710 = PLANE ( 'NONE',  #1401 ) ;
#711 = ADVANCED_FACE ( 'NONE', ( #477 ), #1286, .F. ) ;
#712 = B_SPLINE_CURVE_WITH_KNOTS ( 'NONE', 3,
 ( #219, #1370, #425, #542, #1362, #347, #1124, #770, #777, #897, #1239, #92, #998, #99, #432, #1005, #532, #213 ),
 .UNSPECIFIED., .F., .F.,
 ( 4, 2, 2, 2, 2, 2, 2, 2, 4 ),
 ( 0.000000000000000000, 0.1249999999999999722, 0.2499999999999999445, 0.3749999999999998890, 0.4999999999999998890, 0.6249999999999998890, 0.7499999999999997780, 0.8749999999999998890, 1.000000000000000000 ),
 .UNSPECIFIED. ) ;
#713 = PRODUCT_DEFINITION_FORMATION_WITH_SPECIFIED_SOURCE ( 'ANY', '', #626, .NOT_KNOWN. ) ;
#714 = ORIENTED_EDGE ( 'NONE', *, *, #1315, .F. ) ;
#715 = SURFACE_STYLE_USAGE ( .BOTH. , #1273 ) ;
#716 = ORIENTED_EDGE ( 'NONE', *, *, #114, .T. ) ;
#717 = DIRECTION ( 'NONE',  ( -1.000000000000000000, 1.110223024625155924E-16, 0.000000000000000000 ) ) ;
#718 = EDGE_CURVE ( 'NONE', #824, #325, #1375, .T. ) ;
#719 = DIRECTION ( 'NONE',  ( 0.000000000000000000, 0.000000000000000000, 1.000000000000000000 ) ) ;
#720 = ORIENTED_EDGE ( 'NONE', *, *, #22, .T. ) ;
#721 = VECTOR ( 'NONE', #972, 1000.000000000000000 ) ;
#722 = CIRCLE ( 'NONE', #507, 1.574356076261040016 ) ;
#723 = CARTESIAN_POINT ( 'NONE',  ( -1.469999999999999973, 3.486536447220000223, 0.1700000000000000122 ) ) ;
#724 = DIRECTION ( 'NONE',  ( 0.000000000000000000, -1.000000000000000000, 0.000000000000000000 ) ) ;
#725 = STYLED_ITEM ( 'NONE', ( #1357 ), #807 ) ;
#726 = AXIS2_PLACEMENT_3D ( 'NONE', #775, #103, #1477 ) ;
#727 = UNCERTAINTY_MEASURE_WITH_UNIT (LENGTH_MEASURE( 1.000000000000000082E-05 ), #313, 'distance_accuracy_value', 'NONE');
#728 = DIRECTION ( 'NONE',  ( -1.000000000000000000, 1.110223024625155924E-16, 1.355252715606880049E-16 ) ) ;
#729 = ADVANCED_FACE ( 'NONE', ( #204 ), #322, .F. ) ;
#730 = EDGE_LOOP ( 'NONE', ( #1323, #1054, #289, #367 ) ) ;
#731 = LINE ( 'NONE', #1435, #659 ) ;
#732 = ORIENTED_EDGE ( 'NONE', *, *, #545, .T. ) ;
#733 = FACE_OUTER_BOUND ( 'NONE', #1355, .T. ) ;
#734 = DIRECTION ( 'NONE',  ( 0.000000000000000000, 0.000000000000000000, 1.000000000000000000 ) ) ;
#735 = LINE ( 'NONE', #1226, #1039 ) ;
#736 = EDGE_CURVE ( 'NONE', #85, #1169, #1245, .T. ) ;
#737 = EDGE_CURVE ( 'NONE', #1452, #392, #712, .T. ) ;
#738 = CARTESIAN_POINT ( 'NONE',  ( -2.291287847477924799, 3.486536447220000223, 0.1700000000000000122 ) ) ;
#739 = ORIENTED_EDGE ( 'NONE', *, *, #1075, .F. ) ;
#740 = LINE ( 'NONE', #622, #161 ) ;
#741 = DIRECTION ( 'NONE',  ( -1.110223024625155924E-16, -1.000000000000000000, 0.000000000000000000 ) ) ;
#742 = VERTEX_POINT ( 'NONE', #80 ) ;
#743 = VECTOR ( 'NONE', #969, 1000.000000000000000 ) ;
#744 = LINE ( 'NONE', #397, #205 ) ;
#745 = AXIS2_PLACEMENT_3D ( 'NONE', #350, #1383, #1371 ) ;
#746 = EDGE_CURVE ( 'NONE', #142, #638, #663, .T. ) ;
#747 = AXIS2_PLACEMENT_3D ( 'NONE', #1416, #701, #388 ) ;
#748 = CARTESIAN_POINT ( 'NONE',  ( 1.469999999999999973, 3.486536447220000223, -0.03000000000000050196 ) ) ;
#749 = ORIENTED_EDGE ( 'NONE', *, *, #899, .T. ) ;
#750 = VERTEX_POINT ( 'NONE', #1464 ) ;
#751 = DIRECTION ( 'NONE',  ( 1.000000000000000000, 8.881784197001250351E-16, 0.000000000000000000 ) ) ;
#752 = CARTESIAN_POINT ( 'NONE',  ( -4.336808689942014778E-16, 5.786536447219999602, -2.330000000000000071 ) ) ;
#753 = AXIS2_PLACEMENT_3D ( 'NONE', #752, #284, #1325 ) ;
#754 = MANIFOLD_SOLID_BREP ( 'NONE', #864 ) ;
#755 = CARTESIAN_POINT ( 'NONE',  ( -1.745898162651740027, 1.974812593890810097, -0.1700000000000000122 ) ) ;
#756 = VECTOR ( 'NONE', #892, 1000.000000000000000 ) ;
#757 = DIRECTION ( 'NONE',  ( 1.000000000000000000, 8.881784197001250351E-16, 0.000000000000000000 ) ) ;
#758 = ORIENTED_EDGE ( 'NONE', *, *, #1397, .F. ) ;
#759 = ORIENTED_EDGE ( 'NONE', *, *, #148, .F. ) ;
#760 = LINE ( 'NONE', #1468, #1195 ) ;
#761 = CARTESIAN_POINT ( 'NONE',  ( -1.070000000000000062, 2.731043756515080023, 0.1700000000000000122 ) ) ;
#762 = ADVANCED_FACE ( 'NONE', ( #1016 ), #1470, .T. ) ;
#763 = CARTESIAN_POINT ( 'NONE',  ( -3.361209421865040186E-16, 6.536536447219999602, -2.330000000000000071 ) ) ;
#764 = VERTEX_POINT ( 'NONE', #564 ) ;
#765 = LINE ( 'NONE', #649, #1087 ) ;
#766 = VERTEX_POINT ( 'NONE', #906 ) ;
#767 = VERTEX_POINT ( 'NONE', #6 ) ;
#768 = CARTESIAN_POINT ( 'NONE',  ( -4.336808689942014778E-16, 3.486536447220000223, -0.03000000000000050196 ) ) ;
#769 = CARTESIAN_POINT ( 'NONE',  ( -2.739999999999999769, 6.505213034913029562E-16, -0.1700000000000000122 ) ) ;
#770 = CARTESIAN_POINT ( 'NONE',  ( 0.7309656280721855692, 5.590988013681409186, -2.211127813604320203 ) ) ;
#771 = LINE ( 'NONE', #1232, #14 ) ;
#772 =( LENGTH_UNIT ( ) NAMED_UNIT ( * ) SI_UNIT ( .MILLI., .METRE. ) );
#773 = ORIENTED_EDGE ( 'NONE', *, *, #646, .F. ) ;
#774 = VECTOR ( 'NONE', #1097, 1000.000000000000000 ) ;
#775 = CARTESIAN_POINT ( 'NONE',  ( -1.070000000000000062, 2.731043756515080023, 0.1700000000000000122 ) ) ;
#776 = CARTESIAN_POINT ( 'NONE',  ( 2.339999999999999858, 0.000000000000000000, 0.1700000000000000122 ) ) ;
#777 = CARTESIAN_POINT ( 'NONE',  ( 0.7499766457955270305, 5.687709299459135615, -2.204289546350008511 ) ) ;
#778 = CIRCLE ( 'NONE', #959, 2.175643923738959984 ) ;
#779 = PLANE ( 'NONE',  #983 ) ;
#780 = VECTOR ( 'NONE', #620, 1000.000000000000114 ) ;
#781 = ORIENTED_EDGE ( 'NONE', *, *, #975, .T. ) ;
#782 = EDGE_CURVE ( 'NONE', #1444, #930, #937, .T. ) ;
#783 =( LENGTH_UNIT ( ) NAMED_UNIT ( * ) SI_UNIT ( .MILLI., .METRE. ) );
#784 = DIRECTION ( 'NONE',  ( 0.000000000000000000, -1.000000000000000000, 0.000000000000000000 ) ) ;
#785 = CARTESIAN_POINT ( 'NONE',  ( -3.418323590581505111E-16, 6.536536447219999602, -2.180000000000000160 ) ) ;
#786 = CARTESIAN_POINT ( 'NONE',  ( 2.228863579558320041, 1.401014366225161956, -0.1700000000000000122 ) ) ;
#787 = ADVANCED_FACE ( 'NONE', ( #47 ), #143, .F. ) ;
#788 = VERTEX_POINT ( 'NONE', #1183 ) ;
#789 = EDGE_CURVE ( 'NONE', #1311, #1428, #1067, .T. ) ;
#790 = SURFACE_SIDE_STYLE ('',( #1128 ) ) ;
#791 = FACE_OUTER_BOUND ( 'NONE', #65, .T. ) ;
#792 = PRODUCT_DEFINITION_SHAPE ( 'NONE', 'NONE',  #494 ) ;
#793 = CARTESIAN_POINT ( 'NONE',  ( 0.5643560762610390080, -2.168404344971009854E-16, -0.1700000000000000122 ) ) ;
#794 = FACE_OUTER_BOUND ( 'NONE', #730, .T. ) ;
#795 = VECTOR ( 'NONE', #1085, 1000.000000000000000 ) ;
#796 = ADVANCED_FACE ( 'NONE', ( #1306 ), #266, .F. ) ;
#797 = DIRECTION ( 'NONE',  ( -0.1378445374916281996, 0.1378445374916290322, -0.9808148484639890308 ) ) ;
#798 = FACE_OUTER_BOUND ( 'NONE', #968, .T. ) ;
#799 = AXIS2_PLACEMENT_3D ( 'NONE', #1160, #587, #1051 ) ;
#800 = FACE_BOUND ( 'NONE', #1283, .T. ) ;
#801 = AXIS2_PLACEMENT_3D ( 'NONE', #581, #1037, #808 ) ;
#802 = ORIENTED_EDGE ( 'NONE', *, *, #1351, .F. ) ;
#803 = CARTESIAN_POINT ( 'NONE',  ( -0.7499246052744669155, 5.884367201751627974, -2.204307497288348294 ) ) ;
#804 = AXIS2_PLACEMENT_3D ( 'NONE', #662, #556, #678 ) ;
#805 = ORIENTED_EDGE ( 'NONE', *, *, #1301, .F. ) ;
#806 = CARTESIAN_POINT ( 'NONE',  ( 0.000000000000000000, 0.000000000000000000, 0.000000000000000000 ) ) ;
#807 = ADVANCED_BREP_SHAPE_REPRESENTATION ( '2N3904', ( #754, #265, #1237, #240, #102 ), #486 ) ;
#808 = DIRECTION ( 'NONE',  ( -1.000000000000000000, 1.054711873393899897E-15, 0.000000000000000000 ) ) ;
#809 = CYLINDRICAL_SURFACE ( 'NONE', #1359, 2.299999999999999822 ) ;
#810 = ORIENTED_EDGE ( 'NONE', *, *, #54, .T. ) ;
#811 = ADVANCED_FACE ( 'NONE', ( #480 ), #710, .T. ) ;
#812 = CARTESIAN_POINT ( 'NONE',  ( -2.228863579558324926, 1.401014366225161956, -0.1700000000000000122 ) ) ;
#813 = EDGE_CURVE ( 'NONE', #971, #767, #245, .T. ) ;
#814 = AXIS2_PLACEMENT_3D ( 'NONE', #1135, #224, #1368 ) ;
#815 = LINE ( 'NONE', #1266, #373 ) ;
#816 = FILL_AREA_STYLE ('',( #361 ) ) ;
#817 = ORIENTED_EDGE ( 'NONE', *, *, #1233, .F. ) ;
#818 = DIRECTION ( 'NONE',  ( 0.000000000000000000, -1.000000000000000000, 0.000000000000000000 ) ) ;
#819 = EDGE_LOOP ( 'NONE', ( #831, #134, #1047, #1222 ) ) ;
#820 = EDGE_CURVE ( 'NONE', #254, #925, #947, .T. ) ;
#821 = CARTESIAN_POINT ( 'NONE',  ( 1.469999999999999973, 3.486536447220000223, 0.1700000000000000122 ) ) ;
#822 = FILL_AREA_STYLE ('',( #131 ) ) ;
#823 = DIRECTION ( 'NONE',  ( 0.000000000000000000, 1.000000000000000000, 0.000000000000000000 ) ) ;
#824 = VERTEX_POINT ( 'NONE', #825 ) ;
#825 = CARTESIAN_POINT ( 'NONE',  ( 2.339999999999999858, -9.013463552780009991, -0.1700000000000000122 ) ) ;
#826 = ORIENTED_EDGE ( 'NONE', *, *, #1279, .F. ) ;
#827 = DIRECTION ( 'NONE',  ( 0.000000000000000000, 0.000000000000000000, -1.000000000000000000 ) ) ;
#828 = VECTOR ( 'NONE', #242, 1000.000000000000000 ) ;
#829 = EDGE_CURVE ( 'NONE', #85, #410, #841, .T. ) ;
#830 =( LENGTH_UNIT ( ) NAMED_UNIT ( * ) SI_UNIT ( .MILLI., .METRE. ) );
#831 = ORIENTED_EDGE ( 'NONE', *, *, #370, .F. ) ;
#832 = PLANE ( 'NONE',  #84 ) ;
#833 = ORIENTED_EDGE ( 'NONE', *, *, #1030, .T. ) ;
#834 = CARTESIAN_POINT ( 'NONE',  ( -0.2000000000000000111, -9.013463552779999333, 0.1700000000000000122 ) ) ;
#835 = ORIENTED_EDGE ( 'NONE', *, *, #209, .T. ) ;
#836 = CARTESIAN_POINT ( 'NONE',  ( 2.739999999999999769, 2.731043756515080023, -0.1700000000000000122 ) ) ;
#837 = LINE ( 'NONE', #696, #128 ) ;
#838 = ORIENTED_EDGE ( 'NONE', *, *, #97, .T. ) ;
#839 = CARTESIAN_POINT ( 'NONE',  ( 1.439872441230049871, 1.717231038207299942, 0.1700000000000000122 ) ) ;
#840 = LINE ( 'NONE', #1324, #1361 ) ;
#841 = LINE ( 'NONE', #26, #648 ) ;
#842 = VECTOR ( 'NONE', #28, 1000.000000000000000 ) ;
#843 = EDGE_CURVE ( 'NONE', #547, #325, #931, .T. ) ;
#844 = CIRCLE ( 'NONE', #1475, 1.775643923738960073 ) ;
#845 = DIRECTION ( 'NONE',  ( -1.000000000000000000, 1.110223024625155924E-16, -2.877132486577959302E-17 ) ) ;
#846 = VECTOR ( 'NONE', #970, 1000.000000000000000 ) ;
#847 = CARTESIAN_POINT ( 'NONE',  ( 1.439872441230049871, 1.717231038207299942, 0.1700000000000000122 ) ) ;
#848 = ORIENTED_EDGE ( 'NONE', *, *, #1049, .F. ) ;
#849 = CARTESIAN_POINT ( 'NONE',  ( -2.291287847477920359, 3.486536447220000223, 0.1700000000000000122 ) ) ;
#850 = FACE_OUTER_BOUND ( 'NONE', #1120, .T. ) ;
#851 = VECTOR ( 'NONE', #854, 1000.000000000000000 ) ;
#852 = EDGE_CURVE ( 'NONE', #1032, #317, #837, .T. ) ;
#853 = CARTESIAN_POINT ( 'NONE',  ( -4.336808689942014778E-16, 3.486536447220000223, 0.1700000000000000122 ) ) ;
#854 = DIRECTION ( 'NONE',  ( 0.6439538892087960376, -0.7650643035541950798, 1.084202172485496052E-16 ) ) ;
#855 = ORIENTED_EDGE ( 'NONE', *, *, #250, .F. ) ;
#856 = CARTESIAN_POINT ( 'NONE',  ( -4.336808689942014778E-16, 5.786536447219999602, -2.330000000000000071 ) ) ;
#857 = LINE ( 'NONE', #306, #559 ) ;
#858 = CARTESIAN_POINT ( 'NONE',  ( -1.469999999999999973, 2.731043756515080023, -0.1700000000000000122 ) ) ;
#859 = DIRECTION ( 'NONE',  ( 0.000000000000000000, -1.000000000000000000, 0.000000000000000000 ) ) ;
#860 = ORIENTED_EDGE ( 'NONE', *, *, #1127, .F. ) ;
#861 = ORIENTED_EDGE ( 'NONE', *, *, #452, .F. ) ;
#862 = ORIENTED_EDGE ( 'NONE', *, *, #693, .F. ) ;
#863 = CARTESIAN_POINT ( 'NONE',  ( 2.299999999999999822, 8.086536447220000312, -0.03000000000000050196 ) ) ;
#864 = CLOSED_SHELL ( 'NONE', ( #348, #1203, #589, #326, #1278, #1015, #1431, #1423, #476, #1242, #372, #1344, #190, #481 ) ) ;
#865 = LINE ( 'NONE', #525, #957 ) ;
#866 = VECTOR ( 'NONE', #1042, 1000.000000000000000 ) ;
#867 = FACE_OUTER_BOUND ( 'NONE', #665, .T. ) ;
#868 = ORIENTED_EDGE ( 'NONE', *, *, #1329, .F. ) ;
#869 = ORIENTED_EDGE ( 'NONE', *, *, #820, .T. ) ;
#870 = EDGE_CURVE ( 'NONE', #310, #1405, #13, .T. ) ;
#871 = LINE ( 'NONE', #1333, #536 ) ;
#872 = FACE_OUTER_BOUND ( 'NONE', #269, .T. ) ;
#873 = CARTESIAN_POINT ( 'NONE',  ( -1.469999999999999973, 2.731043756515080023, -0.1700000000000000122 ) ) ;
#874 = LINE ( 'NONE', #172, #89 ) ;
#875 = EDGE_LOOP ( 'NONE', ( #1126, #1057, #552, #475 ) ) ;
#876 = EDGE_LOOP ( 'NONE', ( #833, #377, #1474, #838, #464, #1040, #61, #1411, #948, #1202, #1052, #1020 ) ) ;
#877 = FILL_AREA_STYLE_COLOUR ( '', #156 ) ;
#878 = CARTESIAN_POINT ( 'NONE',  ( 1.469999999999999973, 2.731043756515080023, -0.1700000000000000122 ) ) ;
#879 = DIRECTION ( 'NONE',  ( 1.000000000000000000, -1.110223024625155801E-16, 1.221193233610157680E-16 ) ) ;
#880 = VERTEX_POINT ( 'NONE', #1175 ) ;
#881 = SURFACE_STYLE_USAGE ( .BOTH. , #1119 ) ;
#882 = EDGE_LOOP ( 'NONE', ( #1382, #1243, #126, #570, #186 ) ) ;
#883 = ORIENTED_EDGE ( 'NONE', *, *, #1028, .T. ) ;
#884 = MECHANICAL_DESIGN_GEOMETRIC_PRESENTATION_REPRESENTATION (  '', ( #725 ), #1149 ) ;
#885 = FACE_OUTER_BOUND ( 'NONE', #407, .T. ) ;
#886 = DIRECTION ( 'NONE',  ( 0.000000000000000000, 0.000000000000000000, 1.000000000000000000 ) ) ;
#887 = SURFACE_STYLE_FILL_AREA ( #1481 ) ;
#888 = CARTESIAN_POINT ( 'NONE',  ( -0.4600628944555561484, 6.387151754603691778, -2.284678635825321713 ) ) ;
#889 = VERTEX_POINT ( 'NONE', #938 ) ;
#890 = ORIENTED_EDGE ( 'NONE', *, *, #917, .F. ) ;
#891 = AXIS2_PLACEMENT_3D ( 'NONE', #1153, #127, #1398 ) ;
#892 = DIRECTION ( 'NONE',  ( 0.6439538892087798283, -0.7650643035542087356, 3.252606517456549294E-16 ) ) ;
#893 = ORIENTED_EDGE ( 'NONE', *, *, #709, .T. ) ;
#894 = AXIS2_PLACEMENT_3D ( 'NONE', #228, #680, #214 ) ;
#895 = DIRECTION ( 'NONE',  ( 1.000000000000000000, -1.110223024625155924E-16, 5.421010862427520198E-16 ) ) ;
#896 = DIRECTION ( 'NONE',  ( 0.9902680687415704730, -1.665334536937736043E-16, -0.1391731009600651048 ) ) ;
#897 = CARTESIAN_POINT ( 'NONE',  ( 0.7500231747569358065, 5.886097313306255963, -2.204273496580677172 ) ) ;
#898 = VECTOR ( 'NONE', #905, 1000.000000000000114 ) ;
#899 = EDGE_CURVE ( 'NONE', #504, #742, #1257, .T. ) ;
#900 = CARTESIAN_POINT ( 'NONE',  ( -0.09966386012629341318, 5.036536447220000490, -2.330000000000000959 ) ) ;
#901 = ORIENTED_EDGE ( 'NONE', *, *, #1250, .F. ) ;
#902 = EDGE_CURVE ( 'NONE', #766, #1132, #597, .T. ) ;
#903 = VECTOR ( 'NONE', #86, 1000.000000000000000 ) ;
#904 = FACE_OUTER_BOUND ( 'NONE', #538, .T. ) ;
#905 = DIRECTION ( 'NONE',  ( -0.1378445374916280608, 0.1378445374916282273, 0.9808148484639892528 ) ) ;
#906 = CARTESIAN_POINT ( 'NONE',  ( -4.336808689942014778E-16, 5.036536447220000490, -2.180000000000000160 ) ) ;
#907 = CARTESIAN_POINT ( 'NONE',  ( -0.6008497244349014776, 6.246328804406411805, -2.251308899353814841 ) ) ;
#908 = EDGE_CURVE ( 'NONE', #1174, #594, #389, .T. ) ;
#909 = DIRECTION ( 'NONE',  ( 0.000000000000000000, -1.000000000000000000, 0.000000000000000000 ) ) ;
#910 = DIRECTION ( 'NONE',  ( 1.000000000000000000, -1.885568995626964287E-16, 0.000000000000000000 ) ) ;
#911 = DIRECTION ( 'NONE',  ( 0.000000000000000000, 1.000000000000000000, 0.000000000000000000 ) ) ;
#912 = DIRECTION ( 'NONE',  ( 0.000000000000000000, 0.000000000000000000, 1.000000000000000000 ) ) ;
#913 =( NAMED_UNIT ( * ) SI_UNIT ( $, .STERADIAN. ) SOLID_ANGLE_UNIT ( ) );
#914 = ADVANCED_FACE ( 'NONE', ( #1404 ), #832, .F. ) ;
#915 = CARTESIAN_POINT ( 'NONE',  ( -0.2000000000000000111, 3.486536447220000223, -0.1700000000000000122 ) ) ;
#916 = ORIENTED_EDGE ( 'NONE', *, *, #902, .T. ) ;
#917 = EDGE_CURVE ( 'NONE', #268, #1177, #625, .T. ) ;
#918 = CARTESIAN_POINT ( 'NONE',  ( -2.299999999999999822, 8.086536447220000312, -0.03000000000000080033 ) ) ;
#919 = AXIS2_PLACEMENT_3D ( 'NONE', #460, #1144, #1136 ) ;
#920 = ORIENTED_EDGE ( 'NONE', *, *, #1456, .T. ) ;
#921 = AXIS2_PLACEMENT_3D ( 'NONE', #1188, #158, #50 ) ;
#922 = FACE_OUTER_BOUND ( 'NONE', #575, .T. ) ;
#923 = AXIS2_PLACEMENT_3D ( 'NONE', #1102, #561, #416 ) ;
#924 = CARTESIAN_POINT ( 'NONE',  ( -2.339999999999999858, -9.013463552779999333, -0.03000000000000050196 ) ) ;
#925 = VERTEX_POINT ( 'NONE', #586 ) ;
#926 = DIRECTION ( 'NONE',  ( 0.000000000000000000, 0.000000000000000000, -1.000000000000000000 ) ) ;
#927 = AXIS2_PLACEMENT_3D ( 'NONE', #856, #602, #1437 ) ;
#928 = DIRECTION ( 'NONE',  ( -5.233845529061615691E-15, 1.000000000000000000, 0.000000000000000000 ) ) ;
#929 = DIRECTION ( 'NONE',  ( -1.000000000000000000, 0.000000000000000000, 1.355252715606880049E-16 ) ) ;
#930 = VERTEX_POINT ( 'NONE', #474 ) ;
#931 = LINE ( 'NONE', #276, #37 ) ;
#932 = LINE ( 'NONE', #1269, #1062 ) ;
#933 = ADVANCED_FACE ( 'NONE', ( #1284 ), #255, .T. ) ;
#934 = VECTOR ( 'NONE', #1204, 1000.000000000000000 ) ;
#935 = CARTESIAN_POINT ( 'NONE',  ( -1.469999999999999973, 2.731043756515080023, 0.1700000000000000122 ) ) ;
#936 = ORIENTED_EDGE ( 'NONE', *, *, #189, .T. ) ;
#937 = CIRCLE ( 'NONE', #371, 2.175643923738959984 ) ;
#938 = CARTESIAN_POINT ( 'NONE',  ( -2.228863579558324926, 1.401014366225155960, -0.1700000000000000122 ) ) ;
#939 = ORIENTED_EDGE ( 'NONE', *, *, #22, .F. ) ;
#940 = ADVANCED_FACE ( 'NONE', ( #1086 ), #1205, .T. ) ;
#941 = LINE ( 'NONE', #466, #1287 ) ;
#942 = ORIENTED_EDGE ( 'NONE', *, *, #1028, .F. ) ;
#943 = MECHANICAL_DESIGN_GEOMETRIC_PRESENTATION_REPRESENTATION (  '', ( #1483 ), #259 ) ;
#944 = CARTESIAN_POINT ( 'NONE',  ( 2.288712152522080157, 7.931941529047369599, 1.270000000000000018 ) ) ;
#945 = CARTESIAN_POINT ( 'NONE',  ( 1.439872441230052091, 1.717231038207299942, 0.1700000000000000122 ) ) ;
#946 = EDGE_CURVE ( 'NONE', #317, #1151, #424, .T. ) ;
#947 = LINE ( 'NONE', #385, #1327 ) ;
#948 = ORIENTED_EDGE ( 'NONE', *, *, #73, .T. ) ;
#949 = APPLICATION_CONTEXT ( 'automotive_design' ) ;
#950 = ORIENTED_EDGE ( 'NONE', *, *, #1034, .F. ) ;
#951 = DIRECTION ( 'NONE',  ( 0.000000000000000000, 0.000000000000000000, 1.000000000000000000 ) ) ;
#952 = VERTEX_POINT ( 'NONE', #642 ) ;
#953 = ORIENTED_EDGE ( 'NONE', *, *, #433, .F. ) ;
#954 = ADVANCED_FACE ( 'NONE', ( #964 ), #955, .F. ) ;
#955 = PLANE ( 'NONE',  #1210 ) ;
#956 = VECTOR ( 'NONE', #1255, 1000.000000000000000 ) ;
#957 = VECTOR ( 'NONE', #1090, 1000.000000000000000 ) ;
#958 = FACE_OUTER_BOUND ( 'NONE', #993, .T. ) ;
#959 = AXIS2_PLACEMENT_3D ( 'NONE', #1479, #1244, #1238 ) ;
#960 = LINE ( 'NONE', #413, #59 ) ;
#961 = ORIENTED_EDGE ( 'NONE', *, *, #699, .T. ) ;
#962 = LINE ( 'NONE', #836, #286 ) ;
#963 = EDGE_CURVE ( 'NONE', #33, #393, #1103, .T. ) ;
#964 = FACE_OUTER_BOUND ( 'NONE', #159, .T. ) ;
#965 = COLOUR_RGB ( '',0.7921568627450980005, 0.8196078431372548767, 0.9333333333333333481 ) ;
#966 = CARTESIAN_POINT ( 'NONE',  ( -1.922837858136634992, 1.143432810541660016, -0.1700000000000000122 ) ) ;
#967 = CARTESIAN_POINT ( 'NONE',  ( -2.644356076261039856, 2.731043756515080023, 0.1700000000000000122 ) ) ;
#968 = EDGE_LOOP ( 'NONE', ( #1442, #848, #1248, #215, #1088, #1068, #109, #1035, #181, #890, #69, #714 ) ) ;
#969 = DIRECTION ( 'NONE',  ( 0.000000000000000000, 0.000000000000000000, -1.000000000000000000 ) ) ;
#970 = DIRECTION ( 'NONE',  ( 0.000000000000000000, -1.000000000000000000, 0.000000000000000000 ) ) ;
#971 = VERTEX_POINT ( 'NONE', #314 ) ;
#972 = DIRECTION ( 'NONE',  ( 0.000000000000000000, 0.000000000000000000, 1.000000000000000000 ) ) ;
#973 = EDGE_CURVE ( 'NONE', #142, #1405, #196, .T. ) ;
#974 = EDGE_LOOP ( 'NONE', ( #1389, #759, #110, #1101 ) ) ;
#975 = EDGE_CURVE ( 'NONE', #767, #613, #409, .T. ) ;
#976 = LINE ( 'NONE', #192, #1363 ) ;
#977 = EDGE_LOOP ( 'NONE', ( #458, #473, #1180, #1365 ) ) ;
#978 = EDGE_LOOP ( 'NONE', ( #31, #342, #295, #953 ) ) ;
#979 = LINE ( 'NONE', #505, #509 ) ;
#980 = CARTESIAN_POINT ( 'NONE',  ( -2.339999999999999858, 4.336808689942014778E-16, 0.1700000000000000122 ) ) ;
#981 = FACE_OUTER_BOUND ( 'NONE', #978, .T. ) ;
#982 = ADVANCED_FACE ( 'NONE', ( #1438 ), #203, .T. ) ;
#983 = AXIS2_PLACEMENT_3D ( 'NONE', #664, #912, #1376 ) ;
#984 = DIRECTION ( 'NONE',  ( 0.000000000000000000, 0.000000000000000000, -1.000000000000000000 ) ) ;
#985 = ORIENTED_EDGE ( 'NONE', *, *, #106, .T. ) ;
#986 = VERTEX_POINT ( 'NONE', #863 ) ;
#987 = CARTESIAN_POINT ( 'NONE',  ( -2.644356076261039856, 2.731043756515080023, -0.1700000000000000122 ) ) ;
#988 = AXIS2_PLACEMENT_3D ( 'NONE', #634, #1096, #1313 ) ;
#989 = LINE ( 'NONE', #761, #1161 ) ;
#990 = FILL_AREA_STYLE_COLOUR ( '', #1280 ) ;
#991 = AXIS2_PLACEMENT_3D ( 'NONE', #1223, #195, #78 ) ;
#992 = CARTESIAN_POINT ( 'NONE',  ( -2.339999999999999858, 4.336808689942014778E-16, 0.1700000000000000122 ) ) ;
#993 = EDGE_LOOP ( 'NONE', ( #24, #479, #1476, #1147 ) ) ;
#994 = DIRECTION ( 'NONE',  ( 1.000000000000000000, -1.110223024625155924E-16, 0.000000000000000000 ) ) ;
#995 = EDGE_CURVE ( 'NONE', #880, #925, #989, .T. ) ;
#996 = CARTESIAN_POINT ( 'NONE',  ( -4.336808689942014778E-16, 3.486536447220000223, -0.03000000000000050196 ) ) ;
#997 = VECTOR ( 'NONE', #895, 1000.000000000000000 ) ;
#998 = CARTESIAN_POINT ( 'NONE',  ( 0.6004916453383800645, 6.246636393429694678, -2.251390484021454252 ) ) ;
#999 = CARTESIAN_POINT ( 'NONE',  ( 1.070000000000000062, 2.731043756515080023, -0.1700000000000000122 ) ) ;
#1000 = VERTEX_POINT ( 'NONE', #531 ) ;
#1001 = CARTESIAN_POINT ( 'NONE',  ( -0.5643560762610420056, 2.168404344971009854E-16, 0.1700000000000000122 ) ) ;
#1002 = ORIENTED_EDGE ( 'NONE', *, *, #1270, .T. ) ;
#1003 = EDGE_CURVE ( 'NONE', #567, #514, #857, .T. ) ;
#1004 = FACE_OUTER_BOUND ( 'NONE', #673, .T. ) ;
#1005 = CARTESIAN_POINT ( 'NONE',  ( 0.1961672104263468275, 6.517306350994846120, -2.323506460810098151 ) ) ;
#1006 = ADVANCED_FACE ( 'NONE', ( #1079 ), #624, .F. ) ;
#1007 = CARTESIAN_POINT ( 'NONE',  ( 2.134117234349449888, 7.931941529047369599, 1.270000000000000018 ) ) ;
#1008 = EDGE_LOOP ( 'NONE', ( #1263, #244, #1372, #1145 ) ) ;
#1009 = ORIENTED_EDGE ( 'NONE', *, *, #1034, .T. ) ;
#1010 = PRESENTATION_LAYER_ASSIGNMENT (  '', '', ( #1419 ) ) ;
#1011 = SURFACE_STYLE_FILL_AREA ( #337 ) ;
#1012 = VECTOR ( 'NONE', #1164, 1000.000000000000000 ) ;
#1013 = LINE ( 'NONE', #423, #997 ) ;
#1014 = DIRECTION ( 'NONE',  ( 0.000000000000000000, 0.000000000000000000, -1.000000000000000000 ) ) ;
#1015 = ADVANCED_FACE ( 'NONE', ( #872 ), #291, .F. ) ;
#1016 = FACE_OUTER_BOUND ( 'NONE', #436, .T. ) ;
#1017 = AXIS2_PLACEMENT_3D ( 'NONE', #10, #455, #910 ) ;
#1018 = SHAPE_DEFINITION_REPRESENTATION ( #792, #807 ) ;
#1019 = CARTESIAN_POINT ( 'NONE',  ( -2.299999999999999822, 3.486536447220000223, -0.03000000000000080033 ) ) ;
#1020 = ORIENTED_EDGE ( 'NONE', *, *, #1185, .T. ) ;
#1021 = CIRCLE ( 'NONE', #1218, 2.299999999999999822 ) ;
#1022 = ORIENTED_EDGE ( 'NONE', *, *, #1407, .T. ) ;
#1023 = ADVANCED_FACE ( 'NONE', ( #850 ), #56, .F. ) ;
#1024 = LINE ( 'NONE', #675, #1163 ) ;
#1025 = LINE ( 'NONE', #4, #618 ) ;
#1026 = CYLINDRICAL_SURFACE ( 'NONE', #1017, 2.299999999999999822 ) ;
#1027 = CARTESIAN_POINT ( 'NONE',  ( -0.6539750085000364255, 6.167083890052679429, -2.235434988865355077 ) ) ;
#1028 = EDGE_CURVE ( 'NONE', #1032, #889, #600, .T. ) ;
#1029 = LINE ( 'NONE', #329, #279 ) ;
#1030 = EDGE_CURVE ( 'NONE', #419, #880, #579, .T. ) ;
#1031 = CARTESIAN_POINT ( 'NONE',  ( 2.288712152522080157, 3.486536447220000223, 0.1700000000000000122 ) ) ;
#1032 = VERTEX_POINT ( 'NONE', #71 ) ;
#1033 = CARTESIAN_POINT ( 'NONE',  ( -0.7308997374359009758, 5.982289219612779263, -2.211149324477873712 ) ) ;
#1034 = EDGE_CURVE ( 'NONE', #1176, #971, #515, .T. ) ;
#1035 = ORIENTED_EDGE ( 'NONE', *, *, #36, .F. ) ;
#1036 = AXIS2_PLACEMENT_3D ( 'NONE', #1300, #1158, #724 ) ;
#1037 = DIRECTION ( 'NONE',  ( -1.054711873393899897E-15, -1.000000000000000000, 0.000000000000000000 ) ) ;
#1038 = DIRECTION ( 'NONE',  ( 5.421010862427520198E-16, -2.465190328815659976E-32, 1.000000000000000000 ) ) ;
#1039 = VECTOR ( 'NONE', #534, 1000.000000000000000 ) ;
#1040 = ORIENTED_EDGE ( 'NONE', *, *, #122, .T. ) ;
#1041 = ORIENTED_EDGE ( 'NONE', *, *, #457, .T. ) ;
#1042 = DIRECTION ( 'NONE',  ( 0.000000000000000000, 0.000000000000000000, -1.000000000000000000 ) ) ;
#1043 = AXIS2_PLACEMENT_3D ( 'NONE', #1430, #90, #298 ) ;
#1044 = VERTEX_POINT ( 'NONE', #980 ) ;
#1045 = VECTOR ( 'NONE', #40, 1000.000000000000000 ) ;
#1046 = DIRECTION ( 'NONE',  ( -2.877132486577959302E-17, 0.000000000000000000, 1.000000000000000000 ) ) ;
#1047 = ORIENTED_EDGE ( 'NONE', *, *, #1440, .T. ) ;
#1048 = ORIENTED_EDGE ( 'NONE', *, *, #1, .T. ) ;
#1049 = EDGE_CURVE ( 'NONE', #136, #85, #722, .T. ) ;
#1050 = CARTESIAN_POINT ( 'NONE',  ( 2.644356076261039856, 2.731043756515080023, 0.1700000000000000122 ) ) ;
#1051 = DIRECTION ( 'NONE',  ( 1.000000000000000000, 0.000000000000000000, 0.000000000000000000 ) ) ;
#1052 = ORIENTED_EDGE ( 'NONE', *, *, #353, .T. ) ;
#1053 = CARTESIAN_POINT ( 'NONE',  ( 2.739999999999999769, -9.013463552779999333, -0.1700000000000000122 ) ) ;
#1054 = ORIENTED_EDGE ( 'NONE', *, *, #489, .T. ) ;
#1055 = ADVANCED_FACE ( 'NONE', ( #237 ), #431, .T. ) ;
#1056 = DIRECTION ( 'NONE',  ( 0.000000000000000000, 0.000000000000000000, -1.000000000000000000 ) ) ;
#1057 = ORIENTED_EDGE ( 'NONE', *, *, #261, .F. ) ;
#1058 = ADVANCED_FACE ( 'NONE', ( #791, #800 ), #809, .T. ) ;
#1059 = LINE ( 'NONE', #137, #842 ) ;
#1060 = SURFACE_STYLE_FILL_AREA ( #816 ) ;
#1061 = ORIENTED_EDGE ( 'NONE', *, *, #1108, .F. ) ;
#1062 = VECTOR ( 'NONE', #926, 1000.000000000000000 ) ;
#1063 = DIRECTION ( 'NONE',  ( 0.000000000000000000, -1.000000000000000000, 0.000000000000000000 ) ) ;
#1064 = EDGE_CURVE ( 'NONE', #308, #1467, #1369, .T. ) ;
#1065 = CARTESIAN_POINT ( 'NONE',  ( -1.745898162651744911, 1.974812593890810097, 0.1700000000000000122 ) ) ;
#1066 = CARTESIAN_POINT ( 'NONE',  ( -1.469999999999999973, 2.731043756515080023, -0.1700000000000000122 ) ) ;
#1067 = LINE ( 'NONE', #592, #1206 ) ;
#1068 = ORIENTED_EDGE ( 'NONE', *, *, #679, .F. ) ;
#1069 = ADVANCED_FACE ( 'NONE', ( #119 ), #218, .T. ) ;
#1070 = FACE_OUTER_BOUND ( 'NONE', #208, .T. ) ;
#1071 = DIRECTION ( 'NONE',  ( 0.000000000000000000, -1.000000000000000000, 0.000000000000000000 ) ) ;
#1072 = CARTESIAN_POINT ( 'NONE',  ( -0.5643560762610420056, 2.168404344971009854E-16, -0.1700000000000000122 ) ) ;
#1073 = DIRECTION ( 'NONE',  ( 0.7650643035542051829, -0.6439538892087841582, 0.000000000000000000 ) ) ;
#1074 = ORIENTED_EDGE ( 'NONE', *, *, #433, .T. ) ;
#1075 = EDGE_CURVE ( 'NONE', #393, #1162, #104, .T. ) ;
#1076 = DIRECTION ( 'NONE',  ( -1.000000000000000000, 0.000000000000000000, 0.000000000000000000 ) ) ;
#1077 = ORIENTED_EDGE ( 'NONE', *, *, #209, .F. ) ;
#1078 = CARTESIAN_POINT ( 'NONE',  ( 1.070000000000000062, 2.731043756515080023, 0.1700000000000000122 ) ) ;
#1079 = FACE_OUTER_BOUND ( 'NONE', #819, .T. ) ;
#1080 = VECTOR ( 'NONE', #324, 1000.000000000000000 ) ;
#1081 = CARTESIAN_POINT ( 'NONE',  ( 1.922837858136640099, 1.143432810541660016, -0.1700000000000000122 ) ) ;
#1082 = AXIS2_PLACEMENT_3D ( 'NONE', #1291, #601, #590 ) ;
#1083 = DIRECTION ( 'NONE',  ( 0.000000000000000000, 0.000000000000000000, -1.000000000000000000 ) ) ;
#1084 = VERTEX_POINT ( 'NONE', #212 ) ;
#1085 = DIRECTION ( 'NONE',  ( 0.000000000000000000, 0.000000000000000000, 1.000000000000000000 ) ) ;
#1086 = FACE_OUTER_BOUND ( 'NONE', #355, .T. ) ;
#1087 = VECTOR ( 'NONE', #909, 1000.000000000000000 ) ;
#1088 = ORIENTED_EDGE ( 'NONE', *, *, #1165, .F. ) ;
#1089 = EDGE_CURVE ( 'NONE', #1142, #788, #533, .T. ) ;
#1090 = DIRECTION ( 'NONE',  ( 0.000000000000000000, 0.000000000000000000, -1.000000000000000000 ) ) ;
#1091 = CARTESIAN_POINT ( 'NONE',  ( -1.439872441230062083, 1.717231038207289728, -0.1700000000000000122 ) ) ;
#1092 = ORIENTED_EDGE ( 'NONE', *, *, #394, .F. ) ;
#1093 = ORIENTED_EDGE ( 'NONE', *, *, #1064, .T. ) ;
#1094 = B_SPLINE_CURVE_WITH_KNOTS ( 'NONE', 3,
 ( #108, #1246, #93, #1465, #888, #907, #1027, #1033, #803, #12, #657, #233, #1364, #1484, #7, #671, #900, #1354 ),
 .UNSPECIFIED., .F., .F.,
 ( 4, 2, 2, 2, 2, 2, 2, 2, 4 ),
 ( 0.000000000000000000, 0.1249999999999999722, 0.2499999999999999445, 0.3749999999999999445, 0.5000000000000000000, 0.6250000000000001110, 0.7500000000000000000, 0.8750000000000000000, 1.000000000000000000 ),
 .UNSPECIFIED. ) ;
#1095 = ORIENTED_EDGE ( 'NONE', *, *, #813, .F. ) ;
#1096 = DIRECTION ( 'NONE',  ( 1.245840553979811940E-16, -1.872422541205009897E-32, -1.000000000000000000 ) ) ;
#1097 = DIRECTION ( 'NONE',  ( -1.000000000000000000, 1.110223024625155924E-16, 0.000000000000000000 ) ) ;
#1098 = ORIENTED_EDGE ( 'NONE', *, *, #646, .T. ) ;
#1099 = CYLINDRICAL_SURFACE ( 'NONE', #511, 1.174356076261040105 ) ;
#1100 = ORIENTED_EDGE ( 'NONE', *, *, #1075, .T. ) ;
#1101 = ORIENTED_EDGE ( 'NONE', *, *, #1, .F. ) ;
#1102 = CARTESIAN_POINT ( 'NONE',  ( -0.2000000000000000111, 3.486536447220000223, 0.1700000000000000122 ) ) ;
#1103 = LINE ( 'NONE', #1422, #445 ) ;
#1104 = DIRECTION ( 'NONE',  ( 0.000000000000000000, 1.000000000000000000, 0.000000000000000000 ) ) ;
#1105 = LINE ( 'NONE', #1425, #1234 ) ;
#1106 = VECTOR ( 'NONE', #251, 1000.000000000000000 ) ;
#1107 = ORIENTED_EDGE ( 'NONE', *, *, #1216, .F. ) ;
#1108 = EDGE_CURVE ( 'NONE', #1332, #504, #440, .T. ) ;
#1109 = DIRECTION ( 'NONE',  ( 0.000000000000000000, 1.000000000000000000, 0.000000000000000000 ) ) ;
#1110 = ORIENTED_EDGE ( 'NONE', *, *, #1305, .T. ) ;
#1111 = ORIENTED_EDGE ( 'NONE', *, *, #197, .T. ) ;
#1112 = DIRECTION ( 'NONE',  ( 0.000000000000000000, 0.000000000000000000, -1.000000000000000000 ) ) ;
#1113 = VECTOR ( 'NONE', #549, 1000.000000000000000 ) ;
#1114 = DIRECTION ( 'NONE',  ( 0.000000000000000000, 1.000000000000000000, 0.000000000000000000 ) ) ;
#1115 = CARTESIAN_POINT ( 'NONE',  ( 1.070000000000000062, -9.013463552779999333, -0.1700000000000000122 ) ) ;
#1116 = AXIS2_PLACEMENT_3D ( 'NONE', #67, #1076, #637 ) ;
#1117 = VECTOR ( 'NONE', #447, 1000.000000000000000 ) ;
#1118 = LINE ( 'NONE', #1007, #52 ) ;
#1119 = SURFACE_SIDE_STYLE ('',( #1011 ) ) ;
#1120 = EDGE_LOOP ( 'NONE', ( #739, #200, #950, #311 ) ) ;
#1121 = ADVANCED_FACE ( 'NONE', ( #1380 ), #690, .F. ) ;
#1122 = FILL_AREA_STYLE ('',( #877 ) ) ;
#1123 = CARTESIAN_POINT ( 'NONE',  ( 1.070000000000000062, 3.486536447220000223, 0.1700000000000000122 ) ) ;
#1124 = CARTESIAN_POINT ( 'NONE',  ( 0.6539825320010818066, 5.405961114620041918, -2.235433321716796318 ) ) ;
#1125 = PLANE ( 'NONE',  #1353 ) ;
#1126 = ORIENTED_EDGE ( 'NONE', *, *, #917, .T. ) ;
#1127 = EDGE_CURVE ( 'NONE', #685, #317, #778, .T. ) ;
#1128 = SURFACE_STYLE_FILL_AREA ( #1122 ) ;
#1129 = DIRECTION ( 'NONE',  ( 0.000000000000000000, 0.000000000000000000, -1.000000000000000000 ) ) ;
#1130 = DIRECTION ( 'NONE',  ( -1.000000000000000000, 1.110223024625155924E-16, -2.032879073410319828E-16 ) ) ;
#1131 = FACE_OUTER_BOUND ( 'NONE', #43, .T. ) ;
#1132 = VERTEX_POINT ( 'NONE', #785 ) ;
#1133 =( GEOMETRIC_REPRESENTATION_CONTEXT ( 3 ) GLOBAL_UNCERTAINTY_ASSIGNED_CONTEXT ( ( #162 ) ) GLOBAL_UNIT_ASSIGNED_CONTEXT ( ( #670, #1252, #1342 ) ) REPRESENTATION_CONTEXT ( 'NONE', 'WORKASPACE' ) );
#1134 = CARTESIAN_POINT ( 'NONE',  ( -4.336808689942014778E-16, 5.036536447220000490, -2.330000000000000071 ) ) ;
#1135 = CARTESIAN_POINT ( 'NONE',  ( -4.336808689942014778E-16, 5.786536447219999602, 0.1700000000000000122 ) ) ;
#1136 = DIRECTION ( 'NONE',  ( 0.000000000000000000, 1.000000000000000000, 0.000000000000000000 ) ) ;
#1137 = DIRECTION ( 'NONE',  ( 1.000000000000000000, -1.110223024625155924E-16, 2.032879073410319828E-16 ) ) ;
#1138 = ADVANCED_FACE ( 'NONE', ( #230 ), #684, .F. ) ;
#1139 = DIRECTION ( 'NONE',  ( 0.000000000000000000, 0.000000000000000000, 1.000000000000000000 ) ) ;
#1140 = EDGE_CURVE ( 'NONE', #1162, #1176, #339, .T. ) ;
#1141 = VECTOR ( 'NONE', #797, 1000.000000000000114 ) ;
#1142 = VERTEX_POINT ( 'NONE', #1374 ) ;
#1143 = DIRECTION ( 'NONE',  ( 5.421010862427520198E-16, -2.465190328815659976E-32, -1.000000000000000000 ) ) ;
#1144 = DIRECTION ( 'NONE',  ( 0.000000000000000000, 0.000000000000000000, -1.000000000000000000 ) ) ;
#1145 = ORIENTED_EDGE ( 'NONE', *, *, #232, .T. ) ;
#1146 = CARTESIAN_POINT ( 'NONE',  ( -0.2000000000000000111, 3.486536447220000223, -0.03000000000000050196 ) ) ;
#1147 = ORIENTED_EDGE ( 'NONE', *, *, #1030, .F. ) ;
#1148 = CARTESIAN_POINT ( 'NONE',  ( -1.070000000000000062, 3.486536447220000223, -0.1700000000000000122 ) ) ;
#1149 =( GEOMETRIC_REPRESENTATION_CONTEXT ( 3 ) GLOBAL_UNCERTAINTY_ASSIGNED_CONTEXT ( ( #178 ) ) GLOBAL_UNIT_ASSIGNED_CONTEXT ( ( #783, #343, #117 ) ) REPRESENTATION_CONTEXT ( 'NONE', 'WORKASPACE' ) );
#1150 = CARTESIAN_POINT ( 'NONE',  ( -2.739999999999999769, -9.013463552779999333, 0.1700000000000000122 ) ) ;
#1151 = VERTEX_POINT ( 'NONE', #1150 ) ;
#1152 = APPLICATION_PROTOCOL_DEFINITION ( 'draft international standard', 'automotive_design', 1998, #139 ) ;
#1153 = CARTESIAN_POINT ( 'NONE',  ( 2.644356076261039856, 2.731043756515080023, -0.1700000000000000122 ) ) ;
#1154 = EDGE_CURVE ( 'NONE', #1209, #1444, #541, .T. ) ;
#1155 = FACE_OUTER_BOUND ( 'NONE', #708, .T. ) ;
#1156 = VECTOR ( 'NONE', #1208, 1000.000000000000000 ) ;
#1157 = ORIENTED_EDGE ( 'NONE', *, *, #45, .T. ) ;
#1158 = DIRECTION ( 'NONE',  ( 0.000000000000000000, 0.000000000000000000, -1.000000000000000000 ) ) ;
#1159 = ORIENTED_EDGE ( 'NONE', *, *, #973, .T. ) ;
#1160 = CARTESIAN_POINT ( 'NONE',  ( -4.336808689942014778E-16, 8.086536447220000312, -0.03000000000000050196 ) ) ;
#1161 = VECTOR ( 'NONE', #79, 1000.000000000000000 ) ;
#1162 = VERTEX_POINT ( 'NONE', #113 ) ;
#1163 = VECTOR ( 'NONE', #1109, 1000.000000000000000 ) ;
#1164 = DIRECTION ( 'NONE',  ( 0.000000000000000000, 0.000000000000000000, 1.000000000000000000 ) ) ;
#1165 = EDGE_CURVE ( 'NONE', #764, #272, #569, .T. ) ;
#1166 = LINE ( 'NONE', #924, #1045 ) ;
#1167 = ORIENTED_EDGE ( 'NONE', *, *, #1154, .T. ) ;
#1168 = DIRECTION ( 'NONE',  ( 0.000000000000000000, -1.000000000000000000, 0.000000000000000000 ) ) ;
#1169 = VERTEX_POINT ( 'NONE', #1123 ) ;
#1170 = DIRECTION ( 'NONE',  ( 0.000000000000000000, 0.000000000000000000, 1.000000000000000000 ) ) ;
#1171 = ORIENTED_EDGE ( 'NONE', *, *, #902, .F. ) ;
#1172 = ADVANCED_FACE ( 'NONE', ( #1004 ), #1026, .T. ) ;
#1173 = DIRECTION ( 'NONE',  ( -1.355252715606880049E-16, 6.162975822039149940E-33, -1.000000000000000000 ) ) ;
#1174 = VERTEX_POINT ( 'NONE', #346 ) ;
#1175 = CARTESIAN_POINT ( 'NONE',  ( -1.070000000000000062, 2.731043756515080023, 0.1700000000000000122 ) ) ;
#1176 = VERTEX_POINT ( 'NONE', #1179 ) ;
#1177 = VERTEX_POINT ( 'NONE', #383 ) ;
#1178 = CIRCLE ( 'NONE', #300, 2.175643923738959984 ) ;
#1179 = CARTESIAN_POINT ( 'NONE',  ( 2.134117234349449888, 3.641131365392630048, 1.270000000000000018 ) ) ;
#1180 = ORIENTED_EDGE ( 'NONE', *, *, #736, .T. ) ;
#1181 = CARTESIAN_POINT ( 'NONE',  ( -1.270000000000000018, -9.013463552779999333, 0.1700000000000000122 ) ) ;
#1182 = PRESENTATION_LAYER_ASSIGNMENT (  '', '', ( #81 ) ) ;
#1183 = CARTESIAN_POINT ( 'NONE',  ( -1.745898162651735142, 1.974812593890815204, 0.1700000000000000122 ) ) ;
#1184 = UNCERTAINTY_MEASURE_WITH_UNIT (LENGTH_MEASURE( 1.000000000000000082E-05 ), #772, 'distance_accuracy_value', 'NONE');
#1185 = EDGE_CURVE ( 'NONE', #750, #419, #941, .T. ) ;
#1186 = AXIS2_PLACEMENT_3D ( 'NONE', #98, #886, #1350 ) ;
#1187 = ORIENTED_EDGE ( 'NONE', *, *, #489, .F. ) ;
#1188 = CARTESIAN_POINT ( 'NONE',  ( -0.2000000000000000111, -9.013463552779999333, -0.1700000000000000122 ) ) ;
#1189 = VECTOR ( 'NONE', #1445, 1000.000000000000000 ) ;
#1190 = CARTESIAN_POINT ( 'NONE',  ( 0.2000000000000000111, 3.486536447220000223, -0.03000000000000050196 ) ) ;
#1191 = CARTESIAN_POINT ( 'NONE',  ( 1.070000000000000062, 2.731043756515080023, -0.1700000000000000122 ) ) ;
#1192 = ADVANCED_FACE ( 'NONE', ( #374 ), #141, .T. ) ;
#1193 = PLANE ( 'NONE',  #1258 ) ;
#1194 = ORIENTED_EDGE ( 'NONE', *, *, #1003, .F. ) ;
#1195 = VECTOR ( 'NONE', #211, 1000.000000000000000 ) ;
#1196 = DIRECTION ( 'NONE',  ( 1.000000000000000000, -1.110223024625155924E-16, 5.421010862427520198E-16 ) ) ;
#1197 = ORIENTED_EDGE ( 'NONE', *, *, #975, .F. ) ;
#1198 = ORIENTED_EDGE ( 'NONE', *, *, #315, .F. ) ;
#1199 = CARTESIAN_POINT ( 'NONE',  ( 2.134117234349449888, 3.486536447220000223, 1.270000000000000018 ) ) ;
#1200 = DIRECTION ( 'NONE',  ( 0.000000000000000000, 0.000000000000000000, 1.000000000000000000 ) ) ;
#1201 = CARTESIAN_POINT ( 'NONE',  ( -0.2000000000000000111, 3.486536447220000223, 0.1700000000000000122 ) ) ;
#1202 = ORIENTED_EDGE ( 'NONE', *, *, #487, .T. ) ;
#1203 = ADVANCED_FACE ( 'NONE', ( #124 ), #574, .T. ) ;
#1204 = DIRECTION ( 'NONE',  ( 1.000000000000000000, -1.110223024625155924E-16, -1.355252715606880049E-16 ) ) ;
#1205 = PLANE ( 'NONE',  #396 ) ;
#1206 = VECTOR ( 'NONE', #376, 1000.000000000000000 ) ;
#1207 = CIRCLE ( 'NONE', #462, 1.574356076261040238 ) ;
#1208 = DIRECTION ( 'NONE',  ( 0.000000000000000000, 1.000000000000000000, 0.000000000000000000 ) ) ;
#1209 = VERTEX_POINT ( 'NONE', #1402 ) ;
#1210 = AXIS2_PLACEMENT_3D ( 'NONE', #654, #417, #1319 ) ;
#1211 = ADVANCED_FACE ( 'NONE', ( #274 ), #17, .T. ) ;
#1212 = DIRECTION ( 'NONE',  ( 1.885568995626964780E-16, 1.000000000000000000, 0.000000000000000000 ) ) ;
#1213 = ORIENTED_EDGE ( 'NONE', *, *, #746, .F. ) ;
#1214 = ORIENTED_EDGE ( 'NONE', *, *, #746, .T. ) ;
#1215 = CARTESIAN_POINT ( 'NONE',  ( -1.469999999999999973, 2.731043756515080023, 0.1700000000000000122 ) ) ;
#1216 = EDGE_CURVE ( 'NONE', #788, #1174, #1412, .T. ) ;
#1217 = DIRECTION ( 'NONE',  ( 0.000000000000000000, 1.000000000000000000, 0.000000000000000000 ) ) ;
#1218 = AXIS2_PLACEMENT_3D ( 'NONE', #1316, #1212, #629 ) ;
#1219 = CARTESIAN_POINT ( 'NONE',  ( -0.5643560762610420056, 2.168404344971009854E-16, 0.1700000000000000122 ) ) ;
#1220 = PLANE ( 'NONE',  #183 ) ;
#1221 = EDGE_LOOP ( 'NONE', ( #304, #405, #528, #1400 ) ) ;
#1222 = ORIENTED_EDGE ( 'NONE', *, *, #197, .F. ) ;
#1223 = CARTESIAN_POINT ( 'NONE',  ( -4.336808689942014778E-16, 3.486536447220000223, -0.03000000000000050196 ) ) ;
#1224 = CARTESIAN_POINT ( 'NONE',  ( 2.644356076261039856, 2.731043756515080023, 0.1700000000000000122 ) ) ;
#1225 = SURFACE_STYLE_USAGE ( .BOTH. , #340 ) ;
#1226 = CARTESIAN_POINT ( 'NONE',  ( 2.288712152522080157, 3.641131365392630048, 1.270000000000000018 ) ) ;
#1227 = EDGE_LOOP ( 'NONE', ( #1268, #362, #1461, #805, #1041 ) ) ;
#1228 = ORIENTED_EDGE ( 'NONE', *, *, #1392, .T. ) ;
#1229 = DIRECTION ( 'NONE',  ( 1.000000000000000000, -1.110223024625155924E-16, 2.877132486577959302E-17 ) ) ;
#1230 = DIRECTION ( 'NONE',  ( 0.000000000000000000, 1.000000000000000000, 0.000000000000000000 ) ) ;
#1231 = AXIS2_PLACEMENT_3D ( 'NONE', #471, #593, #1170 ) ;
#1232 = CARTESIAN_POINT ( 'NONE',  ( 1.070000000000000062, 3.486536447220000223, -0.03000000000000050196 ) ) ;
#1233 = EDGE_CURVE ( 'NONE', #650, #470, #1166, .T. ) ;
#1234 = VECTOR ( 'NONE', #287, 1000.000000000000000 ) ;
#1235 = VERTEX_POINT ( 'NONE', #267 ) ;
#1236 = CARTESIAN_POINT ( 'NONE',  ( 1.439872441230059863, 1.717231038207289728, -0.1700000000000000122 ) ) ;
#1237 = MANIFOLD_SOLID_BREP ( 'NONE', #1399 ) ;
#1238 = DIRECTION ( 'NONE',  ( 1.000000000000000000, -1.110223024625155801E-16, 1.245840553979813419E-16 ) ) ;
#1239 = CARTESIAN_POINT ( 'NONE',  ( 0.7302025498207105336, 5.983943177786596124, -2.211369958307977779 ) ) ;
#1240 = AXIS2_PLACEMENT_3D ( 'NONE', #184, #302, #391 ) ;
#1241 = DIRECTION ( 'NONE',  ( 0.000000000000000000, 0.000000000000000000, -1.000000000000000000 ) ) ;
#1242 = ADVANCED_FACE ( 'NONE', ( #23 ), #488, .T. ) ;
#1243 = ORIENTED_EDGE ( 'NONE', *, *, #1253, .F. ) ;
#1244 = DIRECTION ( 'NONE',  ( -1.245840553979811940E-16, 1.872422541205009897E-32, 1.000000000000000000 ) ) ;
#1245 = LINE ( 'NONE', #550, #482 ) ;
#1246 = CARTESIAN_POINT ( 'NONE',  ( -0.09975633125725029415, 6.536536447220001378, -2.330000000000000959 ) ) ;
#1247 = EDGE_LOOP ( 'NONE', ( #1157, #1289, #817, #282 ) ) ;
#1248 = ORIENTED_EDGE ( 'NONE', *, *, #1321, .F. ) ;
#1249 = FACE_OUTER_BOUND ( 'NONE', #328, .T. ) ;
#1250 = EDGE_CURVE ( 'NONE', #1084, #272, #468, .T. ) ;
#1251 = CARTESIAN_POINT ( 'NONE',  ( 0.2000000000000000111, 3.486536447220000223, 0.1700000000000000122 ) ) ;
#1252 =( NAMED_UNIT ( * ) PLANE_ANGLE_UNIT ( ) SI_UNIT ( $, .RADIAN. ) );
#1253 = EDGE_CURVE ( 'NONE', #1000, #393, #1281, .T. ) ;
#1254 = CLOSED_SHELL ( 'NONE', ( #1058, #234, #83, #1261, #598, #1006, #164, #1211, #1121, #1172, #582, #1023, #1138, #1069 ) ) ;
#1255 = DIRECTION ( 'NONE',  ( 0.000000000000000000, 0.000000000000000000, -1.000000000000000000 ) ) ;
#1256 = EDGE_LOOP ( 'NONE', ( #478, #985, #596, #1228 ) ) ;
#1257 = CIRCLE ( 'NONE', #202, 1.775643923738960073 ) ;
#1258 = AXIS2_PLACEMENT_3D ( 'NONE', #683, #845, #1046 ) ;
#1259 = FACE_OUTER_BOUND ( 'NONE', #87, .T. ) ;
#1260 = PLANE ( 'NONE',  #273 ) ;
#1261 = ADVANCED_FACE ( 'NONE', ( #263 ), #707, .F. ) ;
#1262 = DIRECTION ( 'NONE',  ( 0.000000000000000000, 1.000000000000000000, 0.000000000000000000 ) ) ;
#1263 = ORIENTED_EDGE ( 'NONE', *, *, #114, .F. ) ;
#1264 = LINE ( 'NONE', #812, #1447 ) ;
#1265 = DIRECTION ( 'NONE',  ( 1.000000000000000000, 0.000000000000000000, 0.000000000000000000 ) ) ;
#1266 = CARTESIAN_POINT ( 'NONE',  ( -1.070000000000000062, -9.013463552779999333, -0.1700000000000000122 ) ) ;
#1267 = DIRECTION ( 'NONE',  ( 0.000000000000000000, -1.000000000000000000, 1.196592247675500029E-15 ) ) ;
#1268 = ORIENTED_EDGE ( 'NONE', *, *, #165, .F. ) ;
#1269 = CARTESIAN_POINT ( 'NONE',  ( -1.070000000000000062, 3.486536447220000223, -0.03000000000000050196 ) ) ;
#1270 = EDGE_CURVE ( 'NONE', #1428, #308, #1408, .T. ) ;
#1271 = ORIENTED_EDGE ( 'NONE', *, *, #540, .T. ) ;
#1272 = SURFACE_STYLE_FILL_AREA ( #822 ) ;
#1273 = SURFACE_SIDE_STYLE ('',( #1060 ) ) ;
#1274 = ORIENTED_EDGE ( 'NONE', *, *, #35, .F. ) ;
#1275 = EDGE_LOOP ( 'NONE', ( #1331, #68, #560, #1022 ) ) ;
#1276 = DIRECTION ( 'NONE',  ( -2.585047367085459263E-15, 1.000000000000000000, 0.000000000000000000 ) ) ;
#1277 = CARTESIAN_POINT ( 'NONE',  ( -2.228863579558324926, 1.401014366225155960, 0.1700000000000000122 ) ) ;
#1278 = ADVANCED_FACE ( 'NONE', ( #495 ), #1220, .F. ) ;
#1279 = EDGE_CURVE ( 'NONE', #461, #824, #976, .T. ) ;
#1280 = COLOUR_RGB ( '',0.7921568627450980005, 0.8196078431372548767, 0.9333333333333333481 ) ;
#1281 = LINE ( 'NONE', #252, #562 ) ;
#1282 = AXIS2_PLACEMENT_3D ( 'NONE', #571, #450, #463 ) ;
#1283 = EDGE_LOOP ( 'NONE', ( #8, #484 ) ) ;
#1284 = FACE_OUTER_BOUND ( 'NONE', #1221, .T. ) ;
#1285 = ORIENTED_EDGE ( 'NONE', *, *, #469, .T. ) ;
#1286 = CYLINDRICAL_SURFACE ( 'NONE', #107, 1.775643923738960073 ) ;
#1287 = VECTOR ( 'NONE', #152, 1000.000000000000000 ) ;
#1288 = ADVANCED_FACE ( 'NONE', ( #867 ), #1330, .F. ) ;
#1289 = ORIENTED_EDGE ( 'NONE', *, *, #262, .F. ) ;
#1290 = AXIS2_PLACEMENT_3D ( 'NONE', #472, #1173, #929 ) ;
#1291 = CARTESIAN_POINT ( 'NONE',  ( -4.336808689942014778E-16, 8.086536447220000312, -0.03000000000000050196 ) ) ;
#1292 = ORIENTED_EDGE ( 'NONE', *, *, #1299, .F. ) ;
#1293 = DIRECTION ( 'NONE',  ( -1.221193233610155954E-16, 1.845058518635304924E-32, 1.000000000000000000 ) ) ;
#1294 = ORIENTED_EDGE ( 'NONE', *, *, #852, .F. ) ;
#1295 = EDGE_LOOP ( 'NONE', ( #1214, #221, #526, #125 ) ) ;
#1296 = DIRECTION ( 'NONE',  ( 1.000000000000000000, 0.000000000000000000, -5.421010862427520198E-16 ) ) ;
#1297 = ORIENTED_EDGE ( 'NONE', *, *, #1343, .F. ) ;
#1298 = DIRECTION ( 'NONE',  ( 0.000000000000000000, 1.000000000000000000, 0.000000000000000000 ) ) ;
#1299 = EDGE_CURVE ( 'NONE', #451, #461, #1309, .T. ) ;
#1300 = CARTESIAN_POINT ( 'NONE',  ( -4.336808689942014778E-16, 5.786536447219999602, -2.180000000000000160 ) ) ;
#1301 = EDGE_CURVE ( 'NONE', #1235, #493, #1021, .T. ) ;
#1302 = DIRECTION ( 'NONE',  ( -0.6439538892087841582, 0.7650643035542051829, 0.000000000000000000 ) ) ;
#1303 = AXIS2_PLACEMENT_3D ( 'NONE', #1191, #32, #485 ) ;
#1304 = CYLINDRICAL_SURFACE ( 'NONE', #927, 0.7499999999999997780 ) ;
#1305 = EDGE_CURVE ( 'NONE', #223, #136, #527, .T. ) ;
#1306 = FACE_OUTER_BOUND ( 'NONE', #875, .T. ) ;
#1307 = VECTOR ( 'NONE', #1446, 1000.000000000000000 ) ;
#1308 = PLANE ( 'NONE',  #801 ) ;
#1309 = CIRCLE ( 'NONE', #1240, 1.775643923738960073 ) ;
#1310 = CARTESIAN_POINT ( 'NONE',  ( 0.2000000000000000111, -9.013463552779999333, -0.1700000000000000122 ) ) ;
#1311 = VERTEX_POINT ( 'NONE', #1201 ) ;
#1312 = LINE ( 'NONE', #1181, #182 ) ;
#1313 = DIRECTION ( 'NONE',  ( 1.000000000000000000, -1.110223024625155801E-16, 1.245840553979813419E-16 ) ) ;
#1314 = CARTESIAN_POINT ( 'NONE',  ( -0.2000000000000000111, 3.486536447220000223, -0.1700000000000000122 ) ) ;
#1315 = EDGE_CURVE ( 'NONE', #1169, #691, #874, .T. ) ;
#1316 = CARTESIAN_POINT ( 'NONE',  ( -4.336808689942014778E-16, 3.486536447220000223, -0.03000000000000050196 ) ) ;
#1317 = ORIENTED_EDGE ( 'NONE', *, *, #516, .F. ) ;
#1318 = DIRECTION ( 'NONE',  ( 0.000000000000000000, 0.000000000000000000, -1.000000000000000000 ) ) ;
#1319 = DIRECTION ( 'NONE',  ( 0.000000000000000000, 0.000000000000000000, -1.000000000000000000 ) ) ;
#1320 = DIRECTION ( 'NONE',  ( 0.000000000000000000, 0.000000000000000000, -1.000000000000000000 ) ) ;
#1321 = EDGE_CURVE ( 'NONE', #1084, #136, #309, .T. ) ;
#1322 = PLANE ( 'NONE',  #1406 ) ;
#1323 = ORIENTED_EDGE ( 'NONE', *, *, #353, .F. ) ;
#1324 = CARTESIAN_POINT ( 'NONE',  ( -4.336808689942014778E-16, 3.486536447220000223, -0.1700000000000000122 ) ) ;
#1325 = DIRECTION ( 'NONE',  ( 0.000000000000000000, -1.000000000000000000, 0.000000000000000000 ) ) ;
#1326 = ORIENTED_EDGE ( 'NONE', *, *, #1233, .T. ) ;
#1327 = VECTOR ( 'NONE', #1063, 1000.000000000000000 ) ;
#1328 = DIRECTION ( 'NONE',  ( 0.000000000000000000, 1.000000000000000000, 0.000000000000000000 ) ) ;
#1329 = EDGE_CURVE ( 'NONE', #691, #142, #166, .T. ) ;
#1330 = PLANE ( 'NONE',  #1116 ) ;
#1331 = ORIENTED_EDGE ( 'NONE', *, *, #1351, .T. ) ;
#1332 = VERTEX_POINT ( 'NONE', #1091 ) ;
#1333 = CARTESIAN_POINT ( 'NONE',  ( -0.2000000000000000111, -9.013463552779999333, -0.1700000000000000122 ) ) ;
#1334 = CARTESIAN_POINT ( 'NONE',  ( 0.2000000000000000111, 3.486536447220000223, -0.1700000000000000122 ) ) ;
#1335 = PRESENTATION_LAYER_ASSIGNMENT (  '', '', ( #1483 ) ) ;
#1336 = DIRECTION ( 'NONE',  ( 0.000000000000000000, 0.000000000000000000, 1.000000000000000000 ) ) ;
#1337 = ORIENTED_EDGE ( 'NONE', *, *, #370, .T. ) ;
#1338 = DIRECTION ( 'NONE',  ( 0.000000000000000000, 1.000000000000000000, 0.000000000000000000 ) ) ;
#1339 = EDGE_LOOP ( 'NONE', ( #249, #636, #1061, #318 ) ) ;
#1340 = ORIENTED_EDGE ( 'NONE', *, *, #540, .F. ) ;
#1341 = DIRECTION ( 'NONE',  ( 0.000000000000000000, -1.000000000000000000, 0.000000000000000000 ) ) ;
#1342 =( NAMED_UNIT ( * ) SI_UNIT ( $, .STERADIAN. ) SOLID_ANGLE_UNIT ( ) );
#1343 = EDGE_CURVE ( 'NONE', #76, #613, #512, .T. ) ;
#1344 = ADVANCED_FACE ( 'NONE', ( #1070 ), #1099, .F. ) ;
#1345 = LINE ( 'NONE', #858, #55 ) ;
#1346 =( NAMED_UNIT ( * ) SI_UNIT ( $, .STERADIAN. ) SOLID_ANGLE_UNIT ( ) );
#1347 = ORIENTED_EDGE ( 'NONE', *, *, #820, .F. ) ;
#1348 = ORIENTED_EDGE ( 'NONE', *, *, #718, .T. ) ;
#1349 = PLANE ( 'NONE',  #726 ) ;
#1350 = DIRECTION ( 'NONE',  ( 0.000000000000000000, -1.000000000000000000, 0.000000000000000000 ) ) ;
#1351 = EDGE_CURVE ( 'NONE', #451, #1084, #960, .T. ) ;
#1352 = DIRECTION ( 'NONE',  ( 1.000000000000000000, 0.000000000000000000, 0.000000000000000000 ) ) ;
#1353 = AXIS2_PLACEMENT_3D ( 'NONE', #357, #121, #565 ) ;
#1354 = CARTESIAN_POINT ( 'NONE',  ( -4.337054080777584133E-16, 5.036536447220000490, -2.330000000000000071 ) ) ;
#1355 = EDGE_LOOP ( 'NONE', ( #1317, #1337, #1171, #558 ) ) ;
#1356 = MECHANICAL_DESIGN_GEOMETRIC_PRESENTATION_REPRESENTATION (  '', ( #1385 ), #349 ) ;
#1357 = PRESENTATION_STYLE_ASSIGNMENT (( #881 ) ) ;
#1358 =( NAMED_UNIT ( * ) SI_UNIT ( $, .STERADIAN. ) SOLID_ANGLE_UNIT ( ) );
#1359 = AXIS2_PLACEMENT_3D ( 'NONE', #996, #354, #332 ) ;
#1360 = CARTESIAN_POINT ( 'NONE',  ( 2.288712152522080157, 5.786536447219999602, 0.1700000000000000122 ) ) ;
#1361 = VECTOR ( 'NONE', #717, 1000.000000000000000 ) ;
#1362 = CARTESIAN_POINT ( 'NONE',  ( 0.4595470921635421702, 5.185484462374375880, -2.284790137452711090 ) ) ;
#1363 = VECTOR ( 'NONE', #612, 1000.000000000000000 ) ;
#1364 = CARTESIAN_POINT ( 'NONE',  ( -0.6003650912912514848, 5.326272891366773621, -2.251425994695689603 ) ) ;
#1365 = ORIENTED_EDGE ( 'NONE', *, *, #386, .F. ) ;
#1366 = ADVANCED_FACE ( 'NONE', ( #519 ), #1443, .T. ) ;
#1367 = CARTESIAN_POINT ( 'NONE',  ( 1.745898162651740027, 1.974812593890810097, 0.1700000000000000122 ) ) ;
#1368 = DIRECTION ( 'NONE',  ( 1.000000000000000000, 0.000000000000000000, 0.000000000000000000 ) ) ;
#1369 = LINE ( 'NONE', #1251, #179 ) ;
#1370 = CARTESIAN_POINT ( 'NONE',  ( 0.09956700697171759484, 5.036536447220000490, -2.330000000000000959 ) ) ;
#1371 = DIRECTION ( 'NONE',  ( 1.000000000000000000, -1.110223024625155801E-16, 1.221193233610157680E-16 ) ) ;
#1372 = ORIENTED_EDGE ( 'NONE', *, *, #572, .T. ) ;
#1373 = ORIENTED_EDGE ( 'NONE', *, *, #699, .F. ) ;
#1374 = CARTESIAN_POINT ( 'NONE',  ( -1.469999999999999973, 2.731043756515080023, 0.1700000000000000122 ) ) ;
#1375 = LINE ( 'NONE', #1115, #227 ) ;
#1376 = DIRECTION ( 'NONE',  ( 1.000000000000000000, 0.000000000000000000, 0.000000000000000000 ) ) ;
#1377 =( GEOMETRIC_REPRESENTATION_CONTEXT ( 3 ) GLOBAL_UNCERTAINTY_ASSIGNED_CONTEXT ( ( #150 ) ) GLOBAL_UNIT_ASSIGNED_CONTEXT ( ( #140, #359, #913 ) ) REPRESENTATION_CONTEXT ( 'NONE', 'WORKASPACE' ) );
#1378 = APPLICATION_PROTOCOL_DEFINITION ( 'draft international standard', 'automotive_design', 1998, #949 ) ;
#1379 = CARTESIAN_POINT ( 'NONE',  ( -1.469999999999999973, 3.486536447220000223, 0.1700000000000000122 ) ) ;
#1380 = FACE_OUTER_BOUND ( 'NONE', #607, .T. ) ;
#1381 = VECTOR ( 'NONE', #563, 1000.000000000000000 ) ;
#1382 = ORIENTED_EDGE ( 'NONE', *, *, #963, .T. ) ;
#1383 = DIRECTION ( 'NONE',  ( -1.221193233610155954E-16, 1.845058518635304924E-32, 1.000000000000000000 ) ) ;
#1384 = COLOUR_RGB ( '',0.7921568627450980005, 0.8196078431372548767, 0.9333333333333333481 ) ;
#1385 = STYLED_ITEM ( 'NONE', ( #430 ), #240 ) ;
#1386 = CARTESIAN_POINT ( 'NONE',  ( -2.739999999999999769, 6.505213034913029562E-16, 0.1700000000000000122 ) ) ;
#1387 = DIRECTION ( 'NONE',  ( -0.7650643035542051829, -0.6439538892087841582, 0.000000000000000000 ) ) ;
#1388 = ORIENTED_EDGE ( 'NONE', *, *, #394, .T. ) ;
#1389 = ORIENTED_EDGE ( 'NONE', *, *, #285, .T. ) ;
#1390 = DIRECTION ( 'NONE',  ( 0.000000000000000000, 0.000000000000000000, 1.000000000000000000 ) ) ;
#1391 = VECTOR ( 'NONE', #201, 1000.000000000000000 ) ;
#1392 = EDGE_CURVE ( 'NONE', #1209, #547, #731, .T. ) ;
#1393 = LINE ( 'NONE', #578, #866 ) ;
#1394 = CARTESIAN_POINT ( 'NONE',  ( 0.5643560762610390080, -2.168404344971009854E-16, 0.1700000000000000122 ) ) ;
#1395 = EDGE_LOOP ( 'NONE', ( #1110, #521, #1439, #173 ) ) ;
#1396 = DIRECTION ( 'NONE',  ( 0.000000000000000000, 0.000000000000000000, -1.000000000000000000 ) ) ;
#1397 = EDGE_CURVE ( 'NONE', #952, #260, #406, .T. ) ;
#1398 = DIRECTION ( 'NONE',  ( 0.000000000000000000, -1.000000000000000000, 0.000000000000000000 ) ) ;
#1399 = CLOSED_SHELL ( 'NONE', ( #914, #729, #787, #1055, #345, #1288, #796, #933, #982, #811, #277, #668, #711, #1192 ) ) ;
#1400 = ORIENTED_EDGE ( 'NONE', *, *, #1454, .T. ) ;
#1401 = AXIS2_PLACEMENT_3D ( 'NONE', #491, #1414, #160 ) ;
#1402 = CARTESIAN_POINT ( 'NONE',  ( 2.739999999999999769, -2.168404344971009854E-16, 0.1700000000000000122 ) ) ;
#1403 = ORIENTED_EDGE ( 'NONE', *, *, #782, .T. ) ;
#1404 = FACE_OUTER_BOUND ( 'NONE', #1295, .T. ) ;
#1405 = VERTEX_POINT ( 'NONE', #44 ) ;
#1406 = AXIS2_PLACEMENT_3D ( 'NONE', #294, #566, #681 ) ;
#1407 = EDGE_CURVE ( 'NONE', #223, #451, #399, .T. ) ;
#1408 = LINE ( 'NONE', #834, #398 ) ;
#1409 = EDGE_LOOP ( 'NONE', ( #781, #1388, #1009, #303 ) ) ;
#1410 = CARTESIAN_POINT ( 'NONE',  ( -2.644356076261039856, 2.731043756515080023, -0.1700000000000000122 ) ) ;
#1411 = ORIENTED_EDGE ( 'NONE', *, *, #946, .T. ) ;
#1412 = LINE ( 'NONE', #1065, #828 ) ;
#1413 = CARTESIAN_POINT ( 'NONE',  ( 1.469999999999999973, 3.486536447220000223, -0.1700000000000000122 ) ) ;
#1414 = DIRECTION ( 'NONE',  ( 1.000000000000000000, 0.000000000000000000, 0.000000000000000000 ) ) ;
#1415 = VERTEX_POINT ( 'NONE', #1310 ) ;
#1416 = CARTESIAN_POINT ( 'NONE',  ( -4.336808689942014778E-16, 8.086536447220000312, -0.03000000000000050196 ) ) ;
#1417 = CARTESIAN_POINT ( 'NONE',  ( 1.439872441230049871, 1.717231038207299942, -0.1700000000000000122 ) ) ;
#1418 = ORIENTED_EDGE ( 'NONE', *, *, #54, .F. ) ;
#1419 = STYLED_ITEM ( 'NONE', ( #333 ), #754 ) ;
#1420 = LINE ( 'NONE', #1190, #293 ) ;
#1421 = CIRCLE ( 'NONE', #747, 2.299999999999999822 ) ;
#1422 = CARTESIAN_POINT ( 'NONE',  ( -4.336808689942014778E-16, 8.086536447220000312, 0.1700000000000000122 ) ) ;
#1423 = ADVANCED_FACE ( 'NONE', ( #288 ), #1322, .F. ) ;
#1424 = AXIS2_PLACEMENT_3D ( 'NONE', #5, #896, #1267 ) ;
#1425 = CARTESIAN_POINT ( 'NONE',  ( -3.418323590581505111E-16, 6.536536447219999602, -2.330000000000000071 ) ) ;
#1426 = VECTOR ( 'NONE', #1083, 1000.000000000000000 ) ;
#1427 = DIRECTION ( 'NONE',  ( 0.000000000000000000, 0.000000000000000000, 1.000000000000000000 ) ) ;
#1428 = VERTEX_POINT ( 'NONE', #446 ) ;
#1429 = CARTESIAN_POINT ( 'NONE',  ( 0.2000000000000000111, -9.013463552779999333, 0.1700000000000000122 ) ) ;
#1430 = CARTESIAN_POINT ( 'NONE',  ( 2.134117234349449888, 3.486536447220000223, 1.270000000000000018 ) ) ;
#1431 = ADVANCED_FACE ( 'NONE', ( #1259 ), #546, .T. ) ;
#1432 = EDGE_CURVE ( 'NONE', #493, #986, #1024, .T. ) ;
#1433 = DIRECTION ( 'NONE',  ( -0.6439538892087798283, 0.7650643035542087356, -1.445602896647353708E-16 ) ) ;
#1434 = ORIENTED_EDGE ( 'NONE', *, *, #16, .T. ) ;
#1435 = CARTESIAN_POINT ( 'NONE',  ( 2.739999999999999769, -2.168404344971009854E-16, 0.1700000000000000122 ) ) ;
#1436 = ORIENTED_EDGE ( 'NONE', *, *, #63, .T. ) ;
#1437 = DIRECTION ( 'NONE',  ( 0.000000000000000000, -1.000000000000000000, 0.000000000000000000 ) ) ;
#1438 = FACE_OUTER_BOUND ( 'NONE', #145, .T. ) ;
#1439 = ORIENTED_EDGE ( 'NONE', *, *, #829, .T. ) ;
#1440 = EDGE_CURVE ( 'NONE', #1452, #766, #3, .T. ) ;
#1441 = DIRECTION ( 'NONE',  ( 0.000000000000000000, -1.000000000000000000, 0.000000000000000000 ) ) ;
#1442 = ORIENTED_EDGE ( 'NONE', *, *, #736, .F. ) ;
#1443 = PLANE ( 'NONE',  #921 ) ;
#1444 = VERTEX_POINT ( 'NONE', #210 ) ;
#1445 = DIRECTION ( 'NONE',  ( 0.6439538892087798283, 0.7650643035542087356, -1.084202172485515651E-16 ) ) ;
#1446 = DIRECTION ( 'NONE',  ( 0.000000000000000000, -1.000000000000000000, 0.000000000000000000 ) ) ;
#1447 = VECTOR ( 'NONE', #206, 1000.000000000000000 ) ;
#1448 = AXIS2_PLACEMENT_3D ( 'NONE', #307, #1320, #292 ) ;
#1449 = CARTESIAN_POINT ( 'NONE',  ( 2.339999999999999858, 0.000000000000000000, -0.1700000000000000122 ) ) ;
#1450 = AXIS2_PLACEMENT_3D ( 'NONE', #705, #595, #39 ) ;
#1451 = DIRECTION ( 'NONE',  ( 1.000000000000000000, -1.110223024625155924E-16, 0.000000000000000000 ) ) ;
#1452 = VERTEX_POINT ( 'NONE', #94 ) ;
#1453 = ORIENTED_EDGE ( 'NONE', *, *, #232, .F. ) ;
#1454 = EDGE_CURVE ( 'NONE', #1177, #238, #437, .T. ) ;
#1455 = LINE ( 'NONE', #539, #1117 ) ;
#1456 = EDGE_CURVE ( 'NONE', #767, #33, #666, .T. ) ;
#1457 = DIRECTION ( 'NONE',  ( 0.000000000000000000, -1.000000000000000000, 0.000000000000000000 ) ) ;
#1458 = CARTESIAN_POINT ( 'NONE',  ( -2.339999999999999858, 4.336808689942014778E-16, 0.1700000000000000122 ) ) ;
#1459 =( NAMED_UNIT ( * ) PLANE_ANGLE_UNIT ( ) SI_UNIT ( $, .RADIAN. ) );
#1460 = VECTOR ( 'NONE', #1318, 1000.000000000000000 ) ;
#1461 = ORIENTED_EDGE ( 'NONE', *, *, #580, .F. ) ;
#1462 = CARTESIAN_POINT ( 'NONE',  ( 2.228863579558324926, 1.401014366225155960, 0.1700000000000000122 ) ) ;
#1463 = CARTESIAN_POINT ( 'NONE',  ( 2.739999999999999769, -2.168404344971009854E-16, 0.1700000000000000122 ) ) ;
#1464 = CARTESIAN_POINT ( 'NONE',  ( -1.922837858136634992, 1.143432810541660016, 0.1700000000000000122 ) ) ;
#1465 = CARTESIAN_POINT ( 'NONE',  ( -0.3798616033629009792, 6.440767563681509600, -2.300283351553281008 ) ) ;
#1466 = ORIENTED_EDGE ( 'NONE', *, *, #718, .F. ) ;
#1467 = VERTEX_POINT ( 'NONE', #453 ) ;
#1468 = CARTESIAN_POINT ( 'NONE',  ( 2.291287847477920359, 3.486536447220000223, 0.1700000000000000122 ) ) ;
#1469 = DIRECTION ( 'NONE',  ( 0.000000000000000000, -1.000000000000000000, 0.000000000000000000 ) ) ;
#1470 = PLANE ( 'NONE',  #174 ) ;
#1471 = VECTOR ( 'NONE', #34, 1000.000000000000000 ) ;
#1472 = EDGE_CURVE ( 'NONE', #76, #33, #1029, .T. ) ;
#1473 = LINE ( 'NONE', #456, #151 ) ;
#1474 = ORIENTED_EDGE ( 'NONE', *, *, #148, .T. ) ;
#1475 = AXIS2_PLACEMENT_3D ( 'NONE', #1219, #411, #879 ) ;
#1476 = ORIENTED_EDGE ( 'NONE', *, *, #995, .F. ) ;
#1477 = DIRECTION ( 'NONE',  ( 0.000000000000000000, 1.000000000000000000, 0.000000000000000000 ) ) ;
#1478 = VECTOR ( 'NONE', #448, 1000.000000000000000 ) ;
#1479 = CARTESIAN_POINT ( 'NONE',  ( -0.5643560762610420056, 2.168404344971009854E-16, 0.1700000000000000122 ) ) ;
#1480 = CIRCLE ( 'NONE', #257, 2.299999999999999822 ) ;
#1481 = FILL_AREA_STYLE ('',( #990 ) ) ;
#1482 = EDGE_CURVE ( 'NONE', #691, #268, #765, .T. ) ;
#1483 = STYLED_ITEM ( 'NONE', ( #694 ), #1237 ) ;
#1484 = CARTESIAN_POINT ( 'NONE',  ( -0.4604126456773124376, 5.186257409514667849, -2.284593508473601542 ) ) ;
ENDSEC;
END-ISO-10303-21;
